ADM0_PCODE,ADM0_EN,ADM0_KA,ADM1_PCODE,ADM1_EN,ADM1_KA,ADM2_PCODE,,ADM2_EN,ADM2_KA,ADM2TYPE_KA,ADM2TYPE_EN,POP_FINAL,PART,SIZE_KMSQ,DENSITY,HOPUSE_POP,HOPUSE_QTY,AVER_SIZE,POP_0_4,POP_5_9,POP_10_14,POP_15_19,POP_20_24,POP_25_29,POP_30_34,POP_35_39,POP_40_44,POP_45_49,POP_50_54,POP_55_59,POP_60_64,POP_65_69,POP_70_74,POP_75_79,POP_80_84,POP_85_MOR,POP_Total,M_0_4,M_5_9,M_10_14,M_15_19,M_20_24,M_25_29,M_30_34,M_35_39,M_40_44,M_45_49,M_50_54,M_55_59,M_60_64,M_65_69,M_70_74,M_75_79,M_80_84,M_85_MORE,M_Total,F_0_4,F_5_9,F_10_14,F_15_19,F_20_24,F_25_29,F_30_34,F_35_39,F_40_44,F_45_49,F_50_54,F_55_59,F_60_64,F_65_69,F_70_74,F_75_79,F_80_84,F_85_MORE,F_Total
GE,Georgia,საქართველო,GE15,Autonomous Republic of Adjara,აჭარის ავტონომიური რესპუბლიკა,GE1511,1,Batumi,ქ. ბათუმი,kalaki,city,0,0,1,0,"152,620","41,591",4,"11,805","10,018","8,775","9,389","11,821","13,509","12,608","11,678","11,273","10,203","10,860","8,879","7,302","5,166","3,644","3,438","1,550",921,"152,839","6,168","5,338","4,695","4,805","5,904","6,631","6,088","5,599","5,303","4,721","4,913","3,990","3,070","2,127","1,444","1,219",519,223,"72,757","5,637","4,680","4,080","4,584","5,917","6,878","6,520","6,079","5,970","5,482","5,947","4,889","4,232","3,039","2,200","2,219","1,031",698,"80,082"
GE,Georgia,საქართველო,GE15,Autonomous Republic of Adjara,აჭარის ავტონომიური რესპუბლიკა,GE1523,1,Keda,ქედის,municipaliteti,municipality,0,0,1,0,"16,753","3,815",4,"1,114",989,"1,057","1,245","1,303","1,267","1,171","1,121","1,154","1,154","1,145",926,735,662,562,614,335,206,"16,760",574,543,568,654,684,705,589,568,578,572,571,433,362,286,249,270,131,73,"8,410",540,446,489,591,619,562,582,553,576,582,574,493,373,376,313,344,204,133,"8,350"
GE,Georgia,საქართველო,GE15,Autonomous Republic of Adjara,აჭარის ავტონომიური რესპუბლიკა,GE1525,1,Kobuleti,ქობულეთის,municipaliteti,municipality,0,0,1,0,"74,794","18,421",4,"5,482","4,653","4,273","4,489","5,759","6,214","5,530","5,124","5,343","5,256","5,534","4,559","3,821","2,910","2,287","2,035",978,547,"74,794","2,839","2,520","2,343","2,321","3,028","3,181","2,851","2,626","2,642","2,591","2,672","2,106","1,745","1,258",954,800,349,156,"36,982","2,643","2,133","1,930","2,168","2,731","3,033","2,679","2,498","2,701","2,665","2,862","2,453","2,076","1,652","1,333","1,235",629,391,"37,812"
GE,Georgia,საქართველო,GE15,Autonomous Republic of Adjara,აჭარის ავტონომიური რესპუბლიკა,GE1529,1,Shuakhevi,შუახევის,municipaliteti,municipality,0,0,1,0,"15,044","3,633",4,907,858,979,"1,257","1,318","1,059",982,"1,001","1,068","1,003",974,772,680,603,551,542,311,179,"15,044",489,447,541,653,718,588,519,500,570,528,471,360,309,235,236,202,139,50,"7,555",418,411,438,604,600,471,463,501,498,475,503,412,371,368,315,340,172,129,"7,489"
GE,Georgia,საქართველო,GE15,Autonomous Republic of Adjara,აჭარის ავტონომიური რესპუბლიკა,GE1532,1,Khelvachauri,ხელვაჩაურის ,municipaliteti,municipality,0,0,1,0,"51,189","10,950",5,"3,820","3,145","2,891","3,552","4,439","4,588","3,916","3,689","3,649","3,520","3,574","2,847","2,165","1,683","1,382","1,291",691,347,"51,189","1,949","1,642","1,567","1,862","2,333","2,455","1,996","1,872","1,851","1,705","1,753","1,370",989,756,600,537,274,101,"25,612","1,871","1,503","1,324","1,690","2,106","2,133","1,920","1,817","1,798","1,815","1,821","1,477","1,176",927,782,754,417,246,"25,577"
GE,Georgia,საქართველო,GE15,Autonomous Republic of Adjara,აჭარის ავტონომიური რესპუბლიკა,GE1535,1,Khulo,სულოს,municipaliteti,municipality,0,0,1,0,"23,317","5,372",4,"1,623","1,558","1,736","1,934","1,772","1,826","1,487","1,526","1,601","1,596","1,418","1,105",984,838,791,809,457,266,"23,327",845,863,849,993,941,"1,012",752,735,844,818,694,530,436,344,339,335,196,86,"11,612",778,695,887,941,831,814,735,791,757,778,724,575,548,494,452,474,261,180,"11,715"
GE,Georgia,საქართველო,GE23,Guria,გურია,GE2323,1,Lanchkhuti,ლანჩხუთის ,municipaliteti,municipality,31457,1,533,59,"31,457","9,752",3,"1,803","1,591","1,597","1,645","1,627","1,951","1,925","1,893","2,041","2,096","2,648","2,466","2,257","1,673","1,388","1,579",777,529,"31,486",905,830,836,908,901,"1,075","1,047",958,"1,004","1,026","1,304","1,129","1,035",758,532,582,266,138,"15,234",898,761,761,737,726,876,878,935,"1,037","1,070","1,344","1,337","1,222",915,856,997,511,391,"16,252"
GE,Georgia,საქართველო,GE23,Guria,გურია,GE2325,1,Ozurgeti,ოზურგეთის,municipaliteti,municipality,48069,1.5,675,71.2,"48,069","14,286",3,"2,862","2,570","2,525","2,581","2,653","3,104","3,054","3,045","3,129","3,250","3,789","3,583","3,328","2,419","2,054","2,231","1,190",711,"48,078","1,490","1,320","1,355","1,416","1,472","1,661","1,604","1,631","1,634","1,610","1,783","1,671","1,515","1,070",868,864,424,169,"23,557","1,372","1,250","1,170","1,165","1,181","1,443","1,450","1,414","1,495","1,640","2,006","1,912","1,813","1,349","1,186","1,367",766,542,"24,521"
GE,Georgia,საქართველო,GE23,Guria,გურია,GE2327,1,Chokhatauri,ჩოხატაურის,municipaliteti,municipality,18983,0.6,825.1,23,"18,983","5,998",3,"1,043","1,021",962,"1,075","1,008","1,077","1,126","1,128","1,203","1,318","1,407","1,343","1,321",937,939,"1,103",624,366,"19,001",549,532,491,589,566,560,577,583,618,685,707,627,607,404,358,412,229,109,"9,203",494,489,471,486,442,517,549,545,585,633,700,716,714,533,581,691,395,257,"9,798"
GE,Georgia,საქართველო,GE26,Imereti,იმერეთი,GE2611,1,Kutaisi,ქ. ქუთაისი,kalaki,city,146526,4.5,67.7,2164.3,"146,526","45,249",3,"11,527","10,070","8,421","8,787","10,564","11,686","10,824","9,959","9,315","9,045","10,524","9,653","8,214","5,735","4,553","4,909","2,493","1,356","147,635","6,000","5,209","4,420","4,469","4,989","5,567","5,277","4,838","4,478","4,295","4,909","4,496","3,512","2,361","1,631","1,627",783,333,"69,194","5,527","4,861","4,001","4,318","5,575","6,119","5,547","5,121","4,837","4,750","5,615","5,157","4,702","3,374","2,922","3,282","1,710","1,023","78,441"
GE,Georgia,საქართველო,GE26,Imereti,იმერეთი,GE2623,1,Bagdati,ბაღდათის,municipaliteti,municipality,21582,0.7,815,26.5,"21,582","7,047",3,"1,318","1,055",986,"1,191","1,324","1,340","1,192","1,195","1,281","1,391","1,614","1,581","1,575","1,168","1,048","1,232",652,439,"21,582",665,521,533,631,723,729,639,635,669,711,854,806,753,527,420,464,243,105,"10,628",653,534,453,560,601,611,553,560,612,680,760,775,822,641,628,768,409,334,"10,954"
GE,Georgia,საქართველო,GE26,Imereti,იმერეთი,GE2627,1,Vani,ვანის,municipaliteti,municipality,24504,0.7,557,44,"24,504","8,253",3,"1,386","1,075","1,038","1,224","1,363","1,418","1,317","1,393","1,402","1,610","1,974","1,838","1,885","1,401","1,284","1,472",837,595,"24,512",715,591,561,664,769,814,735,744,723,825,"1,009",866,871,615,516,587,300,167,"12,072",671,484,477,560,594,604,582,649,679,785,965,972,"1,014",786,768,885,537,428,"12,440"
GE,Georgia,საქართველო,GE26,Imereti,იმერეთი,GE2629,1,Zestaponi,ზესტაფონის,municipaliteti,municipality,57628,1.8,423,136.2,"57,628","18,187",3,"3,653","3,314","3,317","3,274","3,055","3,358","3,692","3,630","3,890","3,961","4,414","4,110","3,889","2,729","2,348","2,688","1,420",886,"57,628","1,865","1,797","1,789","1,808","1,619","1,753","1,902","1,781","1,912","2,050","2,123","1,922","1,747","1,173",948,"1,108",520,265,"28,082","1,788","1,517","1,528","1,466","1,436","1,605","1,790","1,849","1,978","1,911","2,291","2,188","2,142","1,556","1,400","1,580",900,621,"29,546"
GE,Georgia,საქართველო,GE26,Imereti,იმერეთი,GE2631,1,Terjola,თერჯოლის,municipaliteti,municipality,35502,1.1,357,99.4,"35,502","11,021",3,"2,085","1,745","1,620","1,999","2,180","2,231","2,052","2,052","2,132","2,406","2,705","2,695","2,544","1,845","1,611","1,916","1,034",711,"35,563","1,071",970,892,"1,107","1,182","1,201","1,084","1,018","1,126","1,252","1,398","1,327","1,173",850,728,764,394,233,"17,770","1,014",775,728,892,998,"1,030",968,"1,034","1,006","1,154","1,307","1,368","1,371",995,883,"1,152",640,478,"17,793"
GE,Georgia,საქართველო,GE26,Imereti,იმერეთი,GE2633,1,Samtredia,სამტრედიის,municipaliteti,municipality,48534,1.5,364,133.3,"48,534","15,081",3,"3,015","2,543","2,344","2,659","2,840","3,037","2,971","3,122","3,186","3,208","3,887","3,541","3,529","2,518","2,090","2,226","1,135",711,"48,562","1,552","1,355","1,243","1,419","1,502","1,588","1,519","1,590","1,548","1,584","1,849","1,562","1,560","1,064",802,807,363,179,"23,086","1,463","1,188","1,101","1,240","1,338","1,449","1,452","1,532","1,638","1,624","2,038","1,979","1,969","1,454","1,288","1,419",772,532,"25,476"
GE,Georgia,საქართველო,GE26,Imereti,იმერეთი,GE2635,1,Sachkhere,საჩხერის,municipaliteti,municipality,37775,1.2,973,38.8,"37,775","11,336",3,"2,455","2,351","2,069","2,073","1,853","2,489","2,306","2,278","2,209","2,621","3,060","2,727","2,380","1,715","1,575","1,887","1,090",637,"37,775","1,327","1,252","1,082","1,152","1,052","1,309","1,173","1,140","1,076","1,344","1,606","1,315","1,107",761,692,790,448,182,"18,808","1,128","1,099",987,921,801,"1,180","1,133","1,138","1,133","1,277","1,454","1,412","1,273",954,883,"1,097",642,455,"18,967"
GE,Georgia,საქართველო,GE26,Imereti,იმერეთი,GE2636,1,Tkibuli,ტყიბულის ,municipaliteti,municipality,20832,0.6,479,43.5,"20,832","7,489",3,"1,145",995,922,997,980,"1,213","1,212","1,131","1,210","1,344","1,700","1,753","1,662","1,137","1,039","1,132",762,505,"20,839",572,543,499,533,535,653,669,617,580,675,812,867,751,502,430,457,272,140,"10,107",573,452,423,464,445,560,543,514,630,669,888,886,911,635,609,675,490,365,"10,732"
GE,Georgia,საქართველო,GE26,Imereti,იმერეთი,GE2638,1,Tskaltubo,წყალტუბოს ,municipaliteti,municipality,55894,1.7,707.5,79,"55,894","17,032",3,"3,471","2,882","2,794","3,276","3,870","3,914","3,580","3,645","3,649","3,697","4,238","3,946","3,899","2,782","2,446","2,636","1,410",748,"56,883","1,849","1,471","1,474","1,705","2,053","2,155","1,963","1,981","1,982","1,891","2,147","1,874","1,758","1,247","1,022","1,008",538,225,"28,343","1,622","1,411","1,320","1,571","1,817","1,759","1,617","1,664","1,667","1,806","2,091","2,072","2,141","1,535","1,424","1,628",872,523,"28,540"
GE,Georgia,საქართველო,GE26,Imereti,იმერეთი,GE2640,1,Chiatura,ჭიათურის,municipaliteti,municipality,39848,1.2,542,73.5,"39,848","13,827",3,"2,443","2,101","2,195","2,083","1,949","2,327","2,279","2,170","2,247","2,703","3,375","3,173","2,855","1,914","1,872","2,146","1,301",751,"39,884","1,258","1,082","1,150","1,158","1,078","1,281","1,157","1,100","1,071","1,348","1,623","1,532","1,390",811,783,862,493,235,"19,412","1,185","1,019","1,045",925,871,"1,046","1,122","1,070","1,176","1,355","1,752","1,641","1,465","1,103","1,089","1,284",808,516,"20,472"
GE,Georgia,საქართველო,GE26,Imereti,იმერეთი,GE2642,1,Kharagauli,ხარაგაულის,municipaliteti,municipality,19452,0.6,14,1389.4,"19,452","6,754",3,"1,059",890,"1,011","1,072",921,"1,095","1,026","1,043","1,130","1,343","1,593","1,514","1,344",966,940,"1,311",775,440,"19,473",553,490,539,578,515,613,554,522,590,702,780,780,607,449,387,535,296,137,"9,627",506,400,472,494,406,482,472,521,540,641,813,734,737,517,553,776,479,303,"9,846"
GE,Georgia,საქართველო,GE26,Imereti,იმერეთი,GE2644,1,Khoni,ხონის,municipaliteti,municipality,23552,0.7,429,54.9,"23,552","7,740",3,"1,438","1,082","1,104","1,243","1,432","1,481","1,346","1,438","1,536","1,597","1,873","1,759","1,670","1,160","1,122","1,242",644,403,"23,570",747,577,579,693,791,806,734,743,786,817,935,849,749,482,413,443,214,111,"11,469",691,505,525,550,641,675,612,695,750,780,938,910,921,678,709,799,430,292,"12,101"
GE,Georgia,საქართველო,GE29,Kakheti,კახეთი,GE2924,1,Akhmeta,ახმეტის,municipaliteti,municipality,31461,1,2208,14.2,"31,461","10,063",3,"2,254","1,965","2,061","1,976","2,076","2,083","1,742","1,832","1,921","1,884","2,198","2,015","1,860","1,483","1,294","1,479",849,489,"31,461","1,182","1,061","1,072","1,065","1,146","1,087",934,986,958,971,"1,123",969,839,671,525,578,328,137,"15,632","1,072",904,989,911,930,996,808,846,963,913,"1,075","1,046","1,021",812,769,901,521,352,"15,829"
GE,Georgia,საქართველო,GE29,Kakheti,კახეთი,GE2926,1,Gurjaani,გურჯაანის,municipaliteti,municipality,54321,1.7,846,64.2,"54,321","17,679",3,"3,153","2,921","2,590","2,643","2,905","3,292","3,217","3,190","3,480","3,396","4,293","4,665","3,838","3,254","2,187","2,829","1,541",943,"54,337","1,664","1,528","1,381","1,480","1,591","1,750","1,651","1,656","1,767","1,691","1,967","2,219","1,698","1,451",868,"1,087",598,305,"26,352","1,489","1,393","1,209","1,163","1,314","1,542","1,566","1,534","1,713","1,705","2,326","2,446","2,140","1,803","1,319","1,742",943,638,"27,985"
GE,Georgia,საქართველო,GE29,Kakheti,კახეთი,GE2928,1,Dedoplis Tskaro,დედოფლისწყაროს,municipaliteti,municipality,21221,0.6,2529,8.4,"21,221","7,412",3,"1,263","1,162","1,159","1,108","1,077","1,198","1,179","1,221","1,300","1,414","1,708","1,625","1,337","1,165",933,"1,161",712,499,"21,221",655,626,598,577,596,648,613,636,625,742,850,756,605,477,348,409,258,164,"10,183",608,536,561,531,481,550,566,585,675,672,858,869,732,688,585,752,454,335,"11,038"
GE,Georgia,საქართველო,GE29,Kakheti,კახეთი,GE2930,1,Telavi,თელავის,municipaliteti,municipality,38696,1.2,1095,35.3,"38,696","11,634",3,"2,436","2,138","1,994","2,137","2,638","2,630","2,490","2,384","2,555","2,260","2,918","2,885","2,619","2,040","1,461","1,714",881,541,"38,721","1,311","1,133","1,068","1,203","1,389","1,359","1,289","1,218","1,354","1,120","1,425","1,332","1,230",908,620,680,337,158,"19,134","1,125","1,005",926,934,"1,249","1,271","1,201","1,166","1,201","1,140","1,493","1,553","1,389","1,132",841,"1,034",544,383,"19,587"
GE,Georgia,საქართველო,GE29,Kakheti,კახეთი,GE2932,1,Lagodekhi,ლაგოდეხის,municipaliteti,municipality,41669,1.3,890.2,46.8,"41,669","12,660",3,"2,815","2,618","2,443","2,785","2,618","2,950","2,658","2,697","2,729","2,771","3,214","2,882","2,388","1,753","1,400","1,615",860,482,"41,678","1,534","1,418","1,303","1,522","1,435","1,584","1,334","1,421","1,385","1,418","1,555","1,408","1,124",745,587,688,328,164,"20,953","1,281","1,200","1,140","1,263","1,183","1,366","1,324","1,276","1,344","1,353","1,659","1,474","1,264","1,008",813,927,532,318,"20,725"
GE,Georgia,საქართველო,GE29,Kakheti,კახეთი,GE2934,1,Sagarejo,საგარეჯოს ,municipaliteti,municipality,51733,1.6,1491,34.7,"51,733","13,406",4,"3,882","3,566","3,152","3,237","3,738","3,864","3,608","3,463","3,305","3,230","3,517","3,313","2,739","2,176","1,452","1,813","1,022",684,"51,761","2,162","2,000","1,732","1,750","2,000","2,048","1,909","1,826","1,652","1,570","1,715","1,577","1,204",947,602,710,419,212,"26,035","1,720","1,566","1,420","1,487","1,738","1,816","1,699","1,637","1,653","1,660","1,802","1,736","1,535","1,229",850,"1,103",603,472,"25,726"
GE,Georgia,საქართველო,GE29,Kakheti,კახეთი,GE2936,1,Signagi,სიღნაღის,municipaliteti,municipality,29811,0.9,1252,23.8,"29,811","10,406",3,"1,563","1,442","1,453","1,455","1,520","1,631","1,634","1,794","1,870","1,804","2,371","2,400","2,197","1,817","1,494","1,891",973,639,"29,948",833,766,753,816,844,867,816,893,914,903,"1,101","1,043",975,764,630,698,368,185,"14,169",730,676,700,639,676,764,818,901,956,901,"1,270","1,357","1,222","1,053",864,"1,193",605,454,"15,779"
GE,Georgia,საქართველო,GE29,Kakheti,კახეთი,GE2938,1,Kvareli,ყვარლის,municipaliteti,municipality,29713,0.9,1000.8,29.7,"29,713","9,299",3,"1,852","1,591","1,472","1,705","1,855","1,975","1,775","1,770","1,891","1,869","2,460","2,355","2,036","1,550","1,181","1,284",784,422,"29,827",926,833,797,956,"1,007","1,088",932,848,966,913,"1,215","1,161",974,685,492,486,309,140,"14,728",926,758,675,749,848,887,843,922,925,956,"1,245","1,194","1,062",865,689,798,475,282,"15,099"
GE,Georgia,საქართველო,GE32,Mtskheta-Mtianeti,მცხეთა-მთიანეთი,GE3225,1,Dusheti,დუშეთის მუნიციპალიტეტი,municipaliteti,municipality,25601,0.8,2981.5,8.6,"25,601","9,099",3,"1,419","1,359","1,323","1,498","1,573","1,538","1,415","1,591","1,695","1,708","1,813","1,679","1,581","1,297","1,370","1,477",833,490,"25,659",729,717,708,816,866,837,761,825,891,948,963,808,734,571,573,562,327,149,"12,785",690,642,615,682,707,701,654,766,804,760,850,871,847,726,797,915,506,341,"12,874"
GE,Georgia,საქართველო,GE32,Mtskheta-Mtianeti,მცხეთა-მთიანეთი,GE3227,1,Tianeti,თიანეთის მუნიციპალიტეტი,municipaliteti,municipality,9468,0.3,906.3,10.4,"9,468","3,711",3,511,440,416,444,448,481,481,557,605,624,746,709,657,559,546,623,364,257,"9,468",250,217,215,261,257,267,265,315,362,354,418,383,340,251,223,239,133,78,"4,828",261,223,201,183,191,214,216,242,243,270,328,326,317,308,323,384,231,179,"4,640"
GE,Georgia,საქართველო,GE32,Mtskheta-Mtianeti,მცხეთა-მთიანეთი,GE3229,1,Mtskheta,მცხეთის,municipaliteti,municipality,45735,1.4,668,68.5,"45,735","13,325",3,"3,334","2,812","2,361","2,938","3,787","3,922","3,587","3,194","3,102","3,173","3,528","2,987","2,506","1,745","1,563","1,755",949,468,"47,711","1,778","1,526","1,243","1,568","2,050","2,168","1,993","1,782","1,671","1,615","1,829","1,474","1,155",770,654,706,345,127,"24,454","1,556","1,286","1,118","1,370","1,737","1,754","1,594","1,412","1,431","1,558","1,699","1,513","1,351",975,909,"1,049",604,341,"23,257"
GE,Georgia,საქართველო,GE32,Mtskheta-Mtianeti,მცხეთა-მთიანეთი,GE3231,1,Kazbegi,ყაზბეგის,municipaliteti,municipality,3749,0.1,1081.7,3.5,"3,749","1,405",3,221,203,180,172,182,229,243,258,301,275,280,239,294,212,215,157,89,45,"3,795",123,114,92,94,109,131,134,133,172,131,144,91,130,85,86,53,25,12,"1,859",98,89,88,78,73,98,109,125,129,144,136,148,164,127,129,104,64,33,"1,936"
GE,Georgia,საქართველო,GE35,Racha-Lechkhumi and Kvemo Svaneti ,რაჭა-ლეჩხუმი და ქვემო სვანეთი,GE3523,1,Ambrolauri,ამბროლაურის,municipaliteti,municipality,9139,0.3,1142,8,"9,139","3,950",2,303,289,338,322,270,378,325,419,530,619,728,739,789,650,759,873,511,297,"9,139",175,156,186,177,174,227,176,232,291,331,414,381,354,268,316,351,219,114,"4,542",128,133,152,145,96,151,149,187,239,288,314,358,435,382,443,522,292,183,"4,597"
GE,Georgia,საქართველო,GE35,Racha-Lechkhumi and Kvemo Svaneti ,რაჭა-ლეჩხუმი და ქვემო სვანეთი,GE3526,1,Lentekhi,ლენტეხის,municipaliteti,municipality,4386,0.1,1344,3.3,"4,386","1,543",3,224,217,259,265,177,193,209,258,288,308,307,331,335,265,244,243,158,105,"4,386",116,104,143,160,114,113,101,128,152,154,149,162,143,115,91,81,65,28,"2,119",108,113,116,105,63,80,108,130,136,154,158,169,192,150,153,162,93,77,"2,267"
GE,Georgia,საქართველო,GE35,Racha-Lechkhumi and Kvemo Svaneti ,რაჭა-ლეჩხუმი და ქვემო სვანეთი,GE3529,1,Oni,ონის,municipaliteti,municipality,6130,0.2,1712,3.6,"6,130","2,593",2,249,192,267,237,217,286,303,293,337,398,487,502,517,431,431,489,302,192,"6,130",125,89,137,125,136,156,175,169,169,207,241,231,218,187,174,183,123,49,"2,894",124,103,130,112,81,130,128,124,168,191,246,271,299,244,257,306,179,143,"3,236"
GE,Georgia,საქართველო,GE35,Racha-Lechkhumi and Kvemo Svaneti ,რაჭა-ლეჩხუმი და ქვემო სვანეთი,GE3531,1,Tsageri,ცაგერის ,municipaliteti,municipality,10379,0.3,756,13.7,"10,379","4,095",3,416,349,426,531,372,431,458,548,678,732,924,920,851,621,623,707,507,293,"10,387",210,176,215,288,219,257,254,283,373,392,484,449,414,249,249,276,192,90,"5,070",206,173,211,243,153,174,204,265,305,340,440,471,437,372,374,431,315,203,"5,317"
GE,Georgia,საქართველო,GE38,Samegrelo-Zemo Svaneti,სამეგრელო-ზემო სვანეთი,GE3814,1,Poti,ქ. ფოთი,kalaki,city,41465,1.3,65.8,630.2,"41,465","12,744",3,"2,730","2,599","2,367","2,208","2,365","3,088","3,152","3,215","2,906","2,767","3,122","2,975","2,681","1,771","1,311","1,249",616,343,"41,465","1,347","1,340","1,266","1,167","1,243","1,541","1,520","1,606","1,422","1,245","1,445","1,326","1,166",761,501,415,171,67,"19,549","1,383","1,259","1,101","1,041","1,122","1,547","1,632","1,609","1,484","1,522","1,677","1,649","1,515","1,010",810,834,445,276,"21,916"
GE,Georgia,საქართველო,GE38,Samegrelo-Zemo Svaneti,სამეგრელო-ზემო სვანეთი,GE3823,1,Abasha,აბაშის,municipaliteti,municipality,22337,0.7,323,69.2,"22,337","7,262",3,"1,196","1,097","1,186","1,149","1,102","1,169","1,289","1,474","1,544","1,598","1,721","1,597","1,686","1,303","1,090","1,187",536,417,"22,341",613,555,604,645,606,639,673,739,796,844,834,725,737,563,417,428,204,91,"10,713",583,542,582,504,496,530,616,735,748,754,887,872,949,740,673,759,332,326,"11,628"
GE,Georgia,საქართველო,GE38,Samegrelo-Zemo Svaneti,სამეგრელო-ზემო სვანეთი,GE3825,1,Zugdidi,ზუგდიდის ,municipaliteti,municipality,62504,1.9,668,93.6,"62,504","18,206",3,"3,768","3,435","3,062","3,533","3,833","4,165","4,200","4,164","3,935","4,418","5,029","4,698","4,243","3,010","2,578","2,388","1,269",783,"62,511","1,916","1,869","1,639","1,848","2,056","2,256","2,262","2,202","1,974","2,179","2,414","2,183","1,972","1,294","1,076",852,391,177,"30,560","1,852","1,566","1,423","1,685","1,777","1,909","1,938","1,962","1,961","2,239","2,615","2,515","2,271","1,716","1,502","1,536",878,606,"31,951"
GE,Georgia,საქართველო,GE38,Samegrelo-Zemo Svaneti,სამეგრელო-ზემო სვანეთი,GE3828,1,Martvili,მარტვილის,municipaliteti,municipality,33408,1,881,37.9,"33,408","10,571",3,"1,847","1,638","1,635","1,798","1,699","1,927","1,955","2,038","2,215","2,353","2,691","2,511","2,446","1,673","1,709","1,665",959,704,"33,463",949,861,861,991,958,"1,107","1,056","1,032","1,186","1,218","1,287","1,195","1,132",731,713,620,331,205,"16,433",898,777,774,807,741,820,899,"1,006","1,029","1,135","1,404","1,316","1,314",942,996,"1,045",628,499,"17,030"
GE,Georgia,საქართველო,GE38,Samegrelo-Zemo Svaneti,სამეგრელო-ზემო სვანეთი,GE3830,1,Mestia,მესტიის,municipaliteti,municipality,9316,0.3,3044,3.1,"9,316","2,726",3,727,599,637,665,555,612,557,566,591,644,594,495,452,427,367,377,234,217,"9,316",390,324,333,370,336,339,290,293,304,326,293,239,195,193,131,137,84,65,"4,642",337,275,304,295,219,273,267,273,287,318,301,256,257,234,236,240,150,152,"4,674"
GE,Georgia,საქართველო,GE38,Samegrelo-Zemo Svaneti,სამეგრელო-ზემო სვანეთი,GE3832,1,Senaki,სენაკის,municipaliteti,municipality,39641,1.2,520.7,76.1,"39,641","12,745",3,"2,303","2,118","2,043","2,022","1,951","2,515","2,472","2,713","2,577","2,689","3,103","2,956","2,967","2,053","1,750","1,844",960,616,"39,652","1,196","1,125","1,041","1,053","1,046","1,293","1,296","1,364","1,286","1,312","1,494","1,323","1,303",875,645,630,286,136,"18,704","1,107",993,"1,002",969,905,"1,222","1,176","1,349","1,291","1,377","1,609","1,633","1,664","1,178","1,105","1,214",674,480,"20,948"
GE,Georgia,საქართველო,GE38,Samegrelo-Zemo Svaneti,სამეგრელო-ზემო სვანეთი,GE3834,1,Chkhorotsku,ჩხოროწყუს ,municipaliteti,municipality,22309,0.7,619.4,36,"22,309","6,936",3,"1,356","1,179","1,169","1,163","1,090","1,337","1,262","1,449","1,441","1,524","1,779","1,802","1,562","1,065","1,052","1,062",611,406,"22,309",708,636,611,622,619,741,659,741,766,751,893,883,733,497,420,429,209,119,"11,037",648,543,558,541,471,596,603,708,675,773,886,919,829,568,632,633,402,287,"11,272"
GE,Georgia,საქართველო,GE38,Samegrelo-Zemo Svaneti,სამეგრელო-ზემო სვანეთი,GE3836,1,Tsalenjikha,წალენჯიხის ,municipaliteti,municipality,26158,0.8,6467,4,"26,158","8,123",3,"1,501","1,490","1,297","1,322","1,362","1,634","1,558","1,745","1,665","1,823","2,075","2,103","1,822","1,332","1,095","1,139",697,498,"26,158",784,804,707,700,769,872,852,914,869,888,977,981,848,553,445,383,216,115,"12,677",717,686,590,622,593,762,706,831,796,935,"1,098","1,122",974,779,650,756,481,383,"13,481"
GE,Georgia,საქართველო,GE38,Samegrelo-Zemo Svaneti,სამეგრელო-ზემო სვანეთი,GE3838,1,Khobi,ხობის,municipaliteti,municipality,30548,0.9,659.2,46.3,"30,548","9,081",3,"1,835","1,664","1,519","1,669","1,704","1,972","1,876","1,967","1,977","2,140","2,472","2,328","2,166","1,537","1,276","1,363",648,435,"30,548",943,908,819,889,950,"1,088",974,994,"1,021","1,058","1,197","1,087","1,014",691,515,526,224,111,"15,009",892,756,700,780,754,884,902,973,956,"1,082","1,275","1,241","1,152",846,761,837,424,324,"15,539"
GE,Georgia,საქართველო,GE41,Samtskhe-Javakheti,სამცხე-ჯავახეთი,GE4123,1,Adigeni,ადიგენის,municipaliteti,municipality,16429,0.5,799.6,20.5,"16,429","4,651",4,"1,147",974,991,"1,073","1,057","1,217","1,066",962,950,"1,037","1,282","1,180","1,000",702,530,700,386,208,"16,462",583,542,517,549,589,634,555,492,503,532,614,547,481,322,214,322,155,71,"8,222",564,432,474,524,468,583,511,470,447,505,668,633,519,380,316,378,231,137,"8,240"
GE,Georgia,საქართველო,GE41,Samtskhe-Javakheti,სამცხე-ჯავახეთი,GE4125,1,Aspindza,ასპინძის,municipaliteti,municipality,10347,0.3,825,12.5,"10,347","2,876",4,760,615,655,708,719,786,609,564,630,674,822,683,512,363,347,448,313,164,"10,372",399,324,363,358,375,403,315,264,333,334,411,336,248,171,143,185,135,52,"5,149",361,291,292,350,344,383,294,300,297,340,411,347,264,192,204,263,178,112,"5,223"
GE,Georgia,საქართველო,GE41,Samtskhe-Javakheti,სამცხე-ჯავახეთი,GE4127,1,Akhalkalaki,ახალქალაქის ,municipaliteti,municipality,45070,1.4,1235,36.5,"45,070","11,092",4,"3,255","3,179","2,773","3,091","3,392","4,054","3,303","2,530","2,442","2,655","3,490","3,215","2,080","1,322","1,186","1,606","1,003",494,"45,070","1,754","1,776","1,568","1,655","1,740","2,061","1,683","1,186","1,210","1,230","1,663","1,502",943,586,483,588,352,163,"22,143","1,501","1,403","1,205","1,436","1,652","1,993","1,620","1,344","1,232","1,425","1,827","1,713","1,137",736,703,"1,018",651,331,"22,927"
GE,Georgia,საქართველო,GE41,Samtskhe-Javakheti,სამცხე-ჯავახეთი,GE4129,1,Akhaltsikhe,ახალციხის,municipaliteti,municipality,20940,0.6,1010,20.7,"20,940","6,223",3,"1,239","1,163","1,132","1,314","1,441","1,478","1,235","1,118","1,132","1,367","1,602","1,556","1,256",846,863,"1,112",708,430,"20,992",633,638,600,707,806,748,635,567,546,688,786,726,588,356,386,427,301,153,"10,291",606,525,532,607,635,730,600,551,586,679,816,830,668,490,477,685,407,277,"10,701"
GE,Georgia,საქართველო,GE41,Samtskhe-Javakheti,სამცხე-ჯავახეთი,GE4131,1,Borjomi,ბორჯომის,municipaliteti,municipality,25194,0.8,1189,21.2,"25,194","7,936",3,"1,514","1,494","1,457","1,379","1,398","1,630","1,633","1,663","1,668","1,653","2,024","1,821","1,691","1,151",949,"1,084",610,395,"25,214",787,769,741,753,779,848,828,810,852,793,989,800,714,509,335,371,225,127,"12,030",727,725,716,626,619,782,805,853,816,860,"1,035","1,021",977,642,614,713,385,268,"13,184"
GE,Georgia,საქართველო,GE41,Samtskhe-Javakheti,სამცხე-ჯავახეთი,GE4133,1,Ninotsminda,ნინოწმინდის,municipaliteti,municipality,24302,0.7,1354,17.9,"24,302","6,028",4,"1,867","1,818","1,640","1,478","1,818","2,301","1,935","1,378","1,281","1,458","1,942","1,651","1,131",702,598,744,500,249,"24,491","1,058",989,908,810,903,"1,196",948,696,639,698,926,786,518,304,247,304,181,75,"12,186",809,829,732,668,915,"1,105",987,682,642,760,"1,016",865,613,398,351,440,319,174,"12,305"
GE,Georgia,საქართველო,GE44,Kvemo Kartli,ქვემო ქართლი,GE4411,1,Rustavi,ქ. რუსთავი ,kalaki,city,123015,3.7,60.6,2030,"123,015","37,488",3,"10,244","8,802","6,922","7,935","10,835","11,555","10,086","8,765","8,286","7,927","8,776","7,701","6,108","3,756","2,611","2,649","1,349",796,"125,103","5,331","4,578","3,617","4,091","5,306","5,719","5,055","4,410","3,950","3,702","3,969","3,455","2,591","1,537","1,031",876,406,235,"59,859","4,913","4,224","3,305","3,844","5,529","5,836","5,031","4,355","4,336","4,225","4,807","4,246","3,517","2,219","1,580","1,773",943,561,"65,244"
GE,Georgia,საქართველო,GE44,Kvemo Kartli,ქვემო ქართლი,GE4424,1,Bolnisi,ბოლნისის,municipaliteti,municipality,53564,1.6,806.92,66.4,"53,564","14,309",4,"3,679","3,699","3,250","3,280","3,692","4,283","3,940","3,502","3,063","3,382","4,053","3,654","2,737","1,991","1,542","2,027","1,164",652,"53,590","1,956","2,045","1,787","1,829","2,016","2,265","2,120","1,823","1,558","1,659","1,908","1,674","1,205",850,623,799,483,204,"26,804","1,723","1,654","1,463","1,451","1,676","2,018","1,820","1,679","1,505","1,723","2,145","1,980","1,532","1,141",919,"1,228",681,448,"26,786"
GE,Georgia,საქართველო,GE44,Kvemo Kartli,ქვემო ქართლი,GE4426,1,Gardabani,გარდაბნის ,municipaliteti,municipality,81345,2.5,1304.1,62.4,"81,345","20,540",4,"6,184","6,043","5,103","5,254","6,333","6,548","6,126","5,213","5,028","5,376","5,955","5,103","4,012","2,784","2,261","2,478","1,377",698,"81,876","3,280","3,260","2,792","2,800","3,204","3,321","3,130","2,612","2,452","2,573","2,809","2,320","1,757","1,164",924,976,527,243,"40,144","2,904","2,783","2,311","2,454","3,129","3,227","2,996","2,601","2,576","2,803","3,146","2,783","2,255","1,620","1,337","1,502",850,455,"41,732"
GE,Georgia,საქართველო,GE44,Kvemo Kartli,ქვემო ქართლი,GE4428,1,Dmanisi,დმანისის,municipaliteti,municipality,19139,0.6,1198.8,16,"19,139","5,524",3,"1,354","1,275","1,362","1,286","1,183","1,284","1,159","1,133","1,100","1,262","1,298","1,211",965,782,730,968,541,248,"19,141",743,721,759,716,684,694,580,581,553,621,604,540,414,306,308,419,243,93,"9,579",611,554,603,570,499,590,579,552,547,641,694,671,551,476,422,549,298,155,"9,562"
GE,Georgia,საქართველო,GE44,Kvemo Kartli,ქვემო ქართლი,GE4430,1,Tetri Tskaro,თეთრიწყაროს,municipaliteti,municipality,21127,0.6,1174.5,18,"21,127","6,706",3,"1,400","1,285","1,201","1,336","1,377","1,427","1,293","1,281","1,272","1,278","1,465","1,419","1,177","1,017",828,"1,091",606,374,"21,127",752,669,664,709,742,732,682,657,626,625,722,648,534,435,364,444,218,112,"10,335",648,616,537,627,635,695,611,624,646,653,743,771,643,582,464,647,388,262,"10,792"
GE,Georgia,საქართველო,GE44,Kvemo Kartli,ქვემო ქართლი,GE4432,1,Marneuli,მარნეულის,municipaliteti,municipality,104300,3.2,9352,11.2,"104,300","24,523",4,"8,254","7,935","7,468","7,448","8,057","9,081","8,122","6,532","5,681","6,682","7,777","6,752","4,771","2,959","2,299","2,363","1,344",775,"104,300","4,501","4,320","4,133","4,072","4,183","4,701","4,261","3,379","2,884","3,177","3,614","3,122","2,158","1,310",960,936,487,218,"52,416","3,753","3,615","3,335","3,376","3,874","4,380","3,861","3,153","2,797","3,505","4,163","3,630","2,613","1,649","1,339","1,427",857,557,"51,884"
GE,Georgia,საქართველო,GE44,Kvemo Kartli,ქვემო ქართლი,GE4434,1,Tsalka,წალკის ,municipaliteti,municipality,18836,0.6,1050.6,17.9,"18,836","5,489",3,"1,334","1,393","1,382","1,391","1,307","1,412","1,353","1,276","1,205","1,228","1,283","1,063",828,578,534,664,407,211,"18,849",705,744,757,744,670,736,696,621,619,632,642,495,361,266,218,281,147,61,"9,395",629,649,625,647,637,676,657,655,586,596,641,568,467,312,316,383,260,150,"9,454"
GE,Georgia,საქართველო,GE47,Shida Kartli,შიდა ქართლი,GE4724,1,Gori,გორის,municipaliteti,municipality,77528,2.4,1352,57.3,"77,528","23,263",3,"5,056","4,244","4,566","4,819","5,527","5,311","5,073","5,105","5,136","5,366","5,912","5,332","4,474","3,268","2,853","3,058","1,561",888,"77,549","2,636","2,220","2,456","2,644","2,818","2,768","2,638","2,587","2,569","2,811","2,941","2,657","2,057","1,462","1,182","1,268",643,246,"38,603","2,420","2,024","2,110","2,175","2,709","2,543","2,435","2,518","2,567","2,555","2,971","2,675","2,417","1,806","1,671","1,790",918,642,"38,946"
GE,Georgia,საქართველო,GE47,Shida Kartli,შიდა ქართლი,GE4726,1,Kaspi,კასპის ,municipaliteti,municipality,43760,1.3,802,54.6,"43,760","13,881",3,"2,589","2,397","2,208","2,476","2,848","3,017","2,738","2,517","2,603","3,011","3,507","3,280","2,759","1,977","1,769","2,220","1,175",680,"43,771","1,356","1,262","1,170","1,349","1,530","1,637","1,442","1,313","1,319","1,496","1,703","1,673","1,265",864,701,891,433,205,"21,609","1,233","1,135","1,038","1,127","1,318","1,380","1,296","1,204","1,284","1,515","1,804","1,607","1,494","1,113","1,068","1,329",742,475,"22,162"
GE,Georgia,საქართველო,GE47,Shida Kartli,შიდა ქართლი,GE4728,1,Kareli,ქარელის,municipaliteti,municipality,41194,1.3,687.9,59.9,"41,194","12,533",3,"2,870","2,408","2,396","2,493","2,683","2,660","2,569","2,716","2,817","2,828","3,242","2,873","2,392","1,746","1,585","1,663",937,438,"41,316","1,513","1,255","1,251","1,386","1,424","1,352","1,250","1,396","1,386","1,435","1,650","1,358","1,113",769,670,685,365,152,"20,410","1,357","1,153","1,145","1,107","1,259","1,308","1,319","1,320","1,431","1,393","1,592","1,515","1,279",977,915,978,572,286,"20,906"
GE,Georgia,საქართველო,GE47,Shida Kartli,შიდა ქართლი,GE4731,1,Khashuri,ხაშურის,municipaliteti,municipality,52476,1.6,582,90.2,"52,476","15,592",3,"3,442","3,239","3,074","2,975","3,096","3,562","3,436","3,513","3,607","3,511","4,074","3,863","3,249","2,384","1,843","2,044","1,085",606,"52,603","1,809","1,697","1,665","1,589","1,701","1,848","1,682","1,732","1,788","1,751","1,952","1,760","1,443","1,010",759,773,385,175,"25,519","1,633","1,542","1,409","1,386","1,395","1,714","1,754","1,781","1,819","1,760","2,122","2,103","1,806","1,374","1,084","1,271",700,431,"27,084"
,,,,South Ossetia,,,,Akhalgori,,,autonomous region,0,0,1,0,,,,,,,,,,,,,,,,,,,,,,,,,,,,,,,,,,,,,,,,,,,,,,,,,,,,,,,,,,,,
,,,,Abkhazia,,,,Gagra,,,autonomous region,0,0,1,0,,,,,,,,,,,,,,,,,,,,,,,,,,,,,,,,,,,,,,,,,,,,,,,,,,,,,,,,,,,,
,,,,Abkhazia,,,,Gali,,,autonomous region,0,0,1,0,,,,,,,,,,,,,,,,,,,,,,,,,,,,,,,,,,,,,,,,,,,,,,,,,,,,,,,,,,,,
,,,,Abkhazia,,,,Gudauta,,,autonomous region,0,0,1,0,,,,,,,,,,,,,,,,,,,,,,,,,,,,,,,,,,,,,,,,,,,,,,,,,,,,,,,,,,,,
,,,,Abkhazia,,,,Gulripshi,,,autonomous region,0,0,1,0,,,,,,,,,,,,,,,,,,,,,,,,,,,,,,,,,,,,,,,,,,,,,,,,,,,,,,,,,,,,
,,,,South Ossetia,,,,Java,,,autonomous region,0,0,1,0,,,,,,,,,,,,,,,,,,,,,,,,,,,,,,,,,,,,,,,,,,,,,,,,,,,,,,,,,,,,
,,,,Abkhazia,,,,Ochamchire,,,autonomous region,0,0,1,0,,,,,,,,,,,,,,,,,,,,,,,,,,,,,,,,,,,,,,,,,,,,,,,,,,,,,,,,,,,,
,,,,Abkhazia,,,,Sokhumi,,,autonomous region,0,0,1,0,,,,,,,,,,,,,,,,,,,,,,,,,,,,,,,,,,,,,,,,,,,,,,,,,,,,,,,,,,,,
,,,,-,,,,Tbilisi,,,city,1171000,35.7,504.2,2322.5,,,,,,,,,,,,,,,,,,,,,,,,,,,,,,,,,,,,,,,,,,,,,,,,,,,,,,,,,,,,
