Country Name,Country Code,Continent,Year,Tourists,Percentage_Continent,Percentage_World
Angola,AGO,Africa,2010,425000,0.62,0.045
Albania,ALB,Europe,2010,2191000,0.52,0.232
Andorra,AND,Europe,2010,1808000,0.43,0.192
Argentina,ARG,South America,2010,6800000,28.46,0.721
Armenia,ARM,Asia,2010,684000,0.23,0.073
Antigua and Barbuda,ATG,North America,2010,230000,0.19,0.024
Australia,AUS,Oceania,2010,5790000,61.44,0.614
Austria,AUT,Europe,2010,22004000,5.24,2.333
Azerbaijan,AZE,Asia,2010,1280000,0.42,0.136
Burundi,BDI,Africa,2010,142000,0.21,0.015
Belgium,BEL,Europe,2010,7186000,1.71,0.762
Benin,BEN,Africa,2010,199000,0.29,0.021
Burkina Faso,BFA,Africa,2010,274000,0.4,0.029
Bangladesh,BGD,Asia,2010,303000,0.1,0.032
Bulgaria,BGR,Europe,2010,6047000,1.44,0.641
Bahrain,BHR,Asia,2010,11952000,3.96,1.267
"Bahamas, The",BHS,North America,2010,1370000,1.15,0.145
Bosnia and Herzegovina,BIH,Europe,2010,365000,0.09,0.039
Belarus,BLR,Europe,2010,119300,0.03,0.013
Belize,BLZ,North America,2010,242000,0.2,0.026
Bolivia,BOL,South America,2010,679000,2.84,0.072
Brazil,BRA,South America,2010,5161000,21.6,0.547
Barbados,BRB,North America,2010,532000,0.45,0.056
Brunei Darussalam,BRN,Asia,2010,214000,0.07,0.023
Bhutan,BTN,Asia,2010,41000,0.01,0.004
Botswana,BWA,Africa,2010,1973000,2.89,0.209
Central African Republic,CAF,Africa,2010,53800,0.08,0.006
Canada,CAN,North America,2010,16219000,13.59,1.72
Switzerland,CHE,Europe,2010,8628000,2.05,0.915
Chile,CHL,South America,2010,2801000,11.72,0.297
China,CHN,Asia,2010,55664000,18.42,5.902
Cote d'Ivoire,CIV,Africa,2010,252000,0.37,0.027
Cameroon,CMR,Africa,2010,573000,0.84,0.061
"Congo, Dem. Rep.",COD,Africa,2010,81000,0.12,0.009
"Congo, Rep.",COG,Africa,2010,194000,0.28,0.021
Colombia,COL,South America,2010,1405000,5.88,0.149
Comoros,COM,Africa,2010,15300,0.02,0.002
Cabo Verde,CPV,Africa,2010,336000,0.49,0.036
Costa Rica,CRI,North America,2010,2100000,1.76,0.223
Cuba,CUB,North America,2010,2507000,2.1,0.266
Cyprus,CYP,Europe,2010,2173000,0.52,0.23
Czech Republic,CZE,Europe,2010,6334000,1.51,0.672
Germany,DEU,Europe,2010,26875000,6.4,2.85
Djibouti,DJI,Africa,2010,51000,0.07,0.005
Dominica,DMA,North America,2010,77000,0.06,0.008
Denmark,DNK,Europe,2010,9425000,2.24,0.999
Dominican Republic,DOM,North America,2010,4125000,3.46,0.437
Algeria,DZA,Africa,2010,2070000,3.04,0.219
Ecuador,ECU,South America,2010,1047000,4.38,0.111
Egypt,EGY,Africa,2010,14051000,20.61,1.49
Eritrea,ERI,Africa,2010,84000,0.12,0.009
Spain,ESP,Europe,2010,52677000,12.54,5.585
Estonia,EST,Europe,2010,2511000,0.6,0.266
Ethiopia,ETH,Africa,2010,468000,0.69,0.05
Finland,FIN,Europe,2010,2319000,0.55,0.246
Fiji,FJI,Oceania,2010,632000,6.71,0.067
France,FRA,Europe,2010,76647000,18.24,8.127
"Micronesia, Fed. Sts.",FSM,Oceania,2010,44700,0.47,0.005
United Kingdom,GBR,Europe,2010,28295000,6.73,3
Georgia,GEO,Asia,2010,1067000,0.35,0.113
Ghana,GHA,Africa,2010,931000,1.37,0.099
Guinea,GIN,Africa,2010,12400,0.02,0.001
"Gambia, The",GMB,Africa,2010,91000,0.13,0.01
Guinea-Bissau,GNB,Africa,2010,22300,0.03,0.002
Greece,GRC,Europe,2010,15007000,3.57,1.591
Grenada,GRD,North America,2010,110000,0.09,0.012
Guatemala,GTM,North America,2010,1119000,0.94,0.119
Guyana,GUY,South America,2010,152000,0.64,0.016
"Hong Kong SAR, China",HKG,Asia,2010,20085000,6.65,2.13
Honduras,HND,North America,2010,863000,0.72,0.092
Croatia,HRV,Europe,2010,9111000,2.17,0.966
Haiti,HTI,North America,2010,255000,0.21,0.027
Hungary,HUN,Europe,2010,9510000,2.26,1.008
Indonesia,IDN,Asia,2010,7003000,2.32,0.743
India,IND,Asia,2010,5776000,1.91,0.612
Ireland,IRL,Europe,2010,7134000,1.7,0.756
Iran,IRN,Asia,2010,2938000,0.97,0.312
Iraq,IRQ,Asia,2010,1518000,0.5,0.161
Iceland,ISL,Europe,2010,489000,0.12,0.052
Israel,ISR,Asia,2010,2803000,0.93,0.297
Italy,ITA,Europe,2010,43626000,10.38,4.626
Jamaica,JAM,North America,2010,1922000,1.61,0.204
Jordan,JOR,Asia,2010,4207000,1.39,0.446
Japan,JPN,Asia,2010,8611000,2.85,0.913
Kazakhstan,KAZ,Asia,2010,4097000,1.36,0.434
Kenya,KEN,Africa,2010,1470000,2.16,0.156
Kyrgyzstan,KGZ,Asia,2010,259000,0.09,0.027
Cambodia,KHM,Asia,2010,2508000,0.83,0.266
Kiribati,KIR,Oceania,2010,4700,0.05,0
St. Kitts and Nevis,KNA,North America,2010,98000,0.08,0.01
South Korea,KOR,Asia,2010,8798000,2.91,0.933
Kuwait,KWT,Asia,2010,5208000,1.72,0.552
Laos,LAO,Asia,2010,1670000,0.55,0.177
Lebanon,LBN,Asia,2010,2168000,0.72,0.23
St. Lucia,LCA,North America,2010,306000,0.26,0.032
Liechtenstein,LIE,Europe,2010,64300,0.02,0.007
Sri Lanka,LKA,Asia,2010,654000,0.22,0.069
Lesotho,LSO,Africa,2010,426000,0.62,0.045
Lithuania,LTU,Europe,2010,1507000,0.36,0.16
Luxembourg,LUX,Europe,2010,805000,0.19,0.085
Latvia,LVA,Europe,2010,1373000,0.33,0.146
"Macao SAR, China",MAC,Asia,2010,11926000,3.95,1.265
Morocco,MAR,Africa,2010,9288000,13.63,0.985
Monaco,MCO,Europe,2010,279000,0.07,0.03
Moldova,MDA,Europe,2010,64000,0.02,0.007
Madagascar,MDG,Africa,2010,196000,0.29,0.021
Maldives,MDV,Asia,2010,792000,0.26,0.084
Mexico,MEX,North America,2010,23290000,19.52,2.469
Marshall Islands,MHL,Oceania,2010,4600,0.05,0
North Macedonia,MKD,Europe,2010,262000,0.06,0.028
Malta,MLT,Europe,2010,1339000,0.32,0.142
Myanmar,MMR,Asia,2010,792000,0.26,0.084
Montenegro,MNE,Europe,2010,1088000,0.26,0.115
Mongolia,MNG,Asia,2010,456000,0.15,0.048
Mozambique,MOZ,Africa,2010,1718000,2.52,0.182
Mauritius,MUS,Africa,2010,935000,1.37,0.099
Malawi,MWI,Africa,2010,746000,1.09,0.079
Malaysia,MYS,Asia,2010,24577000,8.13,2.606
Namibia,NAM,Africa,2010,984000,1.44,0.104
Niger,NER,Africa,2010,74000,0.11,0.008
Nigeria,NGA,Africa,2010,6113000,8.97,0.648
Nicaragua,NIC,North America,2010,1011000,0.85,0.107
Netherlands,NLD,Europe,2010,10883000,2.59,1.154
Norway,NOR,Europe,2010,4767000,1.13,0.505
Nepal,NPL,Asia,2010,603000,0.2,0.064
New Zealand,NZL,Oceania,2010,2435000,25.84,0.258
Oman,OMN,Asia,2010,1441000,0.48,0.153
Pakistan,PAK,Asia,2010,907000,0.3,0.096
Panama,PAN,North America,2010,1324000,1.11,0.14
Peru,PER,South America,2010,2299000,9.62,0.244
Philippines,PHL,Asia,2010,3520000,1.17,0.373
Palau,PLW,Oceania,2010,85000,0.9,0.009
Papua New Guinea,PNG,Oceania,2010,140000,1.49,0.015
Poland,POL,Europe,2010,12470000,2.97,1.322
Portugal,PRT,Europe,2010,6756000,1.61,0.716
Paraguay,PRY,South America,2010,465000,1.95,0.049
Palestine,PSE,Asia,2010,522000,0.17,0.055
Qatar,QAT,Asia,2010,1699500,0.56,0.18
Romania,ROU,Europe,2010,7498000,1.78,0.795
Russia,RUS,Asia,2010,22281000,7.37,2.362
Rwanda,RWA,Africa,2010,504000,0.74,0.053
Saudi Arabia,SAU,Asia,2010,10850000,3.59,1.15
Sudan,SDN,Africa,2010,495000,0.73,0.052
Senegal,SEN,Africa,2010,900000,1.32,0.095
Singapore,SGP,Asia,2010,9161000,3.03,0.971
Solomon Islands,SLB,Oceania,2010,20500,0.22,0.002
Sierra Leone,SLE,Africa,2010,39000,0.06,0.004
El Salvador,SLV,North America,2010,1150000,0.96,0.122
San Marino,SMR,Europe,2010,120000,0.03,0.013
Serbia,SRB,Europe,2010,683000,0.16,0.072
Sao Tome and Principe,STP,Africa,2010,8000,0.01,0.001
Suriname,SUR,South America,2010,205000,0.86,0.022
Slovakia,SVK,Europe,2010,1327000,0.32,0.141
Slovenia,SVN,Europe,2010,2049000,0.49,0.217
Sweden,SWE,Europe,2010,5183000,1.23,0.55
Eswatini,SWZ,Africa,2010,868000,1.27,0.092
Seychelles,SYC,Africa,2010,175000,0.26,0.019
Syria,SYR,Asia,2010,8546000,2.83,0.906
Chad,TCD,Africa,2010,71000,0.1,0.008
Togo,TGO,Africa,2010,202000,0.3,0.021
Thailand,THA,Asia,2010,15936000,5.27,1.69
Tajikistan,TJK,Asia,2010,160000,0.05,0.017
Timor-Leste,TLS,Asia,2010,40000,0.01,0.004
Tonga,TON,Oceania,2010,47100,0.5,0.005
Trinidad and Tobago,TTO,North America,2010,388000,0.33,0.041
Tunisia,TUN,Africa,2010,7828000,11.48,0.83
Turkey,TUR,Asia,2010,31364000,10.38,3.325
Tuvalu,TUV,Oceania,2010,1700,0.02,0
Tanzania,TZA,Africa,2010,754000,1.11,0.08
Uganda,UGA,Africa,2010,946000,1.39,0.1
Ukraine,UKR,Europe,2010,21203000,5.05,2.248
Uruguay,URY,South America,2010,2353000,9.85,0.249
United States,USA,North America,2010,60010000,50.29,6.363
Uzbekistan,UZB,Asia,2010,975000,0.32,0.103
St. Vincent and the Grenadines,VCT,North America,2010,72000,0.06,0.008
Venezuela,VEN,South America,2010,526000,2.2,0.056
Vietnam,VNM,Asia,2010,5050000,1.67,0.535
Vanuatu,VUT,Oceania,2010,97200,1.03,0.01
Samoa,WSM,Oceania,2010,122000,1.29,0.013
Yemen,YEM,Asia,2010,1025000,0.34,0.109
South Africa,ZAF,Africa,2010,8074000,11.84,0.856
Zambia,ZMB,Africa,2010,815000,1.2,0.086
Zimbabwe,ZWE,Africa,2010,2239000,3.28,0.237
Angola,AGO,Africa,2011,481000,0.8,0.049
Albania,ALB,Europe,2011,2469000,0.56,0.252
Andorra,AND,Europe,2011,2242000,0.51,0.229
Argentina,ARG,South America,2011,6703000,25.66,0.685
Armenia,ARM,Asia,2011,758000,0.24,0.077
Antigua and Barbuda,ATG,North America,2011,241000,0.19,0.025
Australia,AUS,Oceania,2011,5771000,60.39,0.589
Austria,AUT,Europe,2011,23012000,5.2,2.35
Azerbaijan,AZE,Asia,2011,1562000,0.49,0.16
Burundi,BDI,Africa,2011,144000,0.24,0.015
Belgium,BEL,Europe,2011,7494000,1.69,0.765
Benin,BEN,Africa,2011,209000,0.35,0.021
Burkina Faso,BFA,Africa,2011,238000,0.4,0.024
Bangladesh,BGD,Asia,2011,155000,0.05,0.016
Bulgaria,BGR,Europe,2011,6328000,1.43,0.646
Bahrain,BHR,Asia,2011,6732000,2.12,0.687
"Bahamas, The",BHS,North America,2011,1346000,1.09,0.137
Bosnia and Herzegovina,BIH,Europe,2011,392000,0.09,0.04
Belarus,BLR,Europe,2011,116000,0.03,0.012
Belize,BLZ,North America,2011,250000,0.2,0.026
Bolivia,BOL,South America,2011,711000,2.72,0.073
Brazil,BRA,South America,2011,5433000,20.8,0.555
Barbados,BRB,North America,2011,568000,0.46,0.058
Brunei Darussalam,BRN,Asia,2011,242000,0.08,0.025
Bhutan,BTN,Asia,2011,66000,0.02,0.007
Botswana,BWA,Africa,2011,,0,0
Central African Republic,CAF,Africa,2011,65400,0.11,0.007
Canada,CAN,North America,2011,16014000,12.95,1.635
Switzerland,CHE,Europe,2011,8534000,1.93,0.872
Chile,CHL,South America,2011,3137000,12.01,0.32
China,CHN,Asia,2011,57581000,18.12,5.88
Cote d'Ivoire,CIV,Africa,2011,270000,0.45,0.028
Cameroon,CMR,Africa,2011,604000,1.01,0.062
"Congo, Dem. Rep.",COD,Africa,2011,186000,0.31,0.019
"Congo, Rep.",COG,Africa,2011,218000,0.36,0.022
Colombia,COL,South America,2011,2042000,7.82,0.209
Comoros,COM,Africa,2011,18800,0.03,0.002
Cabo Verde,CPV,Africa,2011,428000,0.71,0.044
Costa Rica,CRI,North America,2011,2192000,1.77,0.224
Cuba,CUB,North America,2011,2688000,2.17,0.275
Cyprus,CYP,Europe,2011,2392000,0.54,0.244
Czech Republic,CZE,Europe,2011,6715000,1.52,0.686
Germany,DEU,Europe,2011,28374000,6.42,2.898
Djibouti,DJI,Africa,2011,56000,0.09,0.006
Dominica,DMA,North America,2011,76000,0.06,0.008
Denmark,DNK,Europe,2011,8471000,1.92,0.865
Dominican Republic,DOM,North America,2011,4306000,3.48,0.44
Algeria,DZA,Africa,2011,2395000,4,0.245
Ecuador,ECU,South America,2011,1141000,4.37,0.117
Egypt,EGY,Africa,2011,9497000,15.86,0.97
Eritrea,ERI,Africa,2011,107000,0.18,0.011
Spain,ESP,Europe,2011,56177000,12.71,5.737
Estonia,EST,Europe,2011,2823000,0.64,0.288
Ethiopia,ETH,Africa,2011,523000,0.87,0.053
Finland,FIN,Europe,2011,2623000,0.59,0.268
Fiji,FJI,Oceania,2011,675000,7.06,0.069
France,FRA,Europe,2011,80499000,18.21,8.221
"Micronesia, Fed. Sts.",FSM,Oceania,2011,35400,0.37,0.004
United Kingdom,GBR,Europe,2011,29306000,6.63,2.993
Georgia,GEO,Asia,2011,1833000,0.58,0.187
Ghana,GHA,Africa,2011,821000,1.37,0.084
Guinea,GIN,Africa,2011,131000,0.22,0.013
"Gambia, The",GMB,Africa,2011,106000,0.18,0.011
Guinea-Bissau,GNB,Africa,2011,36700,0.06,0.004
Greece,GRC,Europe,2011,16427000,3.72,1.678
Grenada,GRD,North America,2011,118000,0.1,0.012
Guatemala,GTM,North America,2011,1160000,0.94,0.118
Guyana,GUY,South America,2011,157000,0.6,0.016
"Hong Kong SAR, China",HKG,Asia,2011,22316000,7.02,2.279
Honduras,HND,North America,2011,871000,0.7,0.089
Croatia,HRV,Europe,2011,9927000,2.25,1.014
Haiti,HTI,North America,2011,349000,0.28,0.036
Hungary,HUN,Europe,2011,10250000,2.32,1.047
Indonesia,IDN,Asia,2011,7650000,2.41,0.781
India,IND,Asia,2011,6309000,1.98,0.644
Ireland,IRL,Europe,2011,7630000,1.73,0.779
Iran,IRN,Asia,2011,3354000,1.06,0.343
Iraq,IRQ,Asia,2011,1510000,0.48,0.154
Iceland,ISL,Europe,2011,566000,0.13,0.058
Israel,ISR,Asia,2011,2820000,0.89,0.288
Italy,ITA,Europe,2011,46119000,10.43,4.71
Jamaica,JAM,North America,2011,1952000,1.58,0.199
Jordan,JOR,Asia,2011,3960000,1.25,0.404
Japan,JPN,Asia,2011,6219000,1.96,0.635
Kazakhstan,KAZ,Asia,2011,5685000,1.79,0.581
Kenya,KEN,Africa,2011,1750000,2.92,0.179
Kyrgyzstan,KGZ,Asia,2011,337000,0.11,0.034
Cambodia,KHM,Asia,2011,2882000,0.91,0.294
Kiribati,KIR,Oceania,2011,5300,0.06,0.001
St. Kitts and Nevis,KNA,North America,2011,104000,0.08,0.011
South Korea,KOR,Asia,2011,9795000,3.08,1
Kuwait,KWT,Asia,2011,5574000,1.75,0.569
Laos,LAO,Asia,2011,1894000,0.6,0.193
Lebanon,LBN,Asia,2011,1655000,0.52,0.169
St. Lucia,LCA,North America,2011,312000,0.25,0.032
Liechtenstein,LIE,Europe,2011,67000,0.02,0.007
Sri Lanka,LKA,Asia,2011,856000,0.27,0.087
Lesotho,LSO,Africa,2011,398000,0.66,0.041
Lithuania,LTU,Europe,2011,1775000,0.4,0.181
Luxembourg,LUX,Europe,2011,874000,0.2,0.089
Latvia,LVA,Europe,2011,1493000,0.34,0.152
"Macao SAR, China",MAC,Asia,2011,12925000,4.07,1.32
Morocco,MAR,Africa,2011,9342000,15.6,0.954
Monaco,MCO,Europe,2011,295000,0.07,0.03
Moldova,MDA,Europe,2011,75000,0.02,0.008
Madagascar,MDG,Africa,2011,225000,0.38,0.023
Maldives,MDV,Asia,2011,931000,0.29,0.095
Mexico,MEX,North America,2011,23403000,18.93,2.39
Marshall Islands,MHL,Oceania,2011,4600,0.05,0
North Macedonia,MKD,Europe,2011,327000,0.07,0.033
Malta,MLT,Europe,2011,1415000,0.32,0.145
Myanmar,MMR,Asia,2011,816000,0.26,0.083
Montenegro,MNE,Europe,2011,1201000,0.27,0.123
Mongolia,MNG,Asia,2011,460000,0.14,0.047
Mozambique,MOZ,Africa,2011,1902000,3.18,0.194
Mauritius,MUS,Africa,2011,965000,1.61,0.099
Malawi,MWI,Africa,2011,767000,1.28,0.078
Malaysia,MYS,Asia,2011,24714000,7.78,2.524
Namibia,NAM,Africa,2011,1027000,1.71,0.105
Niger,NER,Africa,2011,82000,0.14,0.008
Nigeria,NGA,Africa,2011,3765000,6.29,0.384
Nicaragua,NIC,North America,2011,1060000,0.86,0.108
Netherlands,NLD,Europe,2011,11300000,2.56,1.154
Norway,NOR,Europe,2011,4963000,1.12,0.507
Nepal,NPL,Asia,2011,736000,0.23,0.075
New Zealand,NZL,Oceania,2011,2511000,26.28,0.256
Oman,OMN,Asia,2011,1018000,0.32,0.104
Pakistan,PAK,Asia,2011,1161000,0.37,0.119
Panama,PAN,North America,2011,1473000,1.19,0.15
Peru,PER,South America,2011,2598000,9.95,0.265
Philippines,PHL,Asia,2011,3917000,1.23,0.4
Palau,PLW,Oceania,2011,111000,1.16,0.011
Papua New Guinea,PNG,Oceania,2011,158000,1.65,0.016
Poland,POL,Europe,2011,13350000,3.02,1.363
Portugal,PRT,Europe,2011,7264000,1.64,0.742
Paraguay,PRY,South America,2011,524000,2.01,0.054
Palestine,PSE,Asia,2011,449000,0.14,0.046
Qatar,QAT,Asia,2011,2056700,0.65,0.21
Romania,ROU,Europe,2011,7611000,1.72,0.777
Russia,RUS,Asia,2011,24932000,7.84,2.546
Rwanda,RWA,Africa,2011,688000,1.15,0.07
Saudi Arabia,SAU,Asia,2011,14179000,4.46,1.448
Sudan,SDN,Africa,2011,536000,0.9,0.055
Senegal,SEN,Africa,2011,968000,1.62,0.099
Singapore,SGP,Asia,2011,10390000,3.27,1.061
Solomon Islands,SLB,Oceania,2011,22900,0.24,0.002
Sierra Leone,SLE,Africa,2011,52000,0.09,0.005
El Salvador,SLV,North America,2011,1184000,0.96,0.121
San Marino,SMR,Europe,2011,156000,0.04,0.016
Serbia,SRB,Europe,2011,764000,0.17,0.078
Sao Tome and Principe,STP,Africa,2011,12200,0.02,0.001
Suriname,SUR,South America,2011,220000,0.84,0.022
Slovakia,SVK,Europe,2011,1460000,0.33,0.149
Slovenia,SVN,Europe,2011,2236000,0.51,0.228
Sweden,SWE,Europe,2011,5222000,1.18,0.533
Eswatini,SWZ,Africa,2011,879000,1.47,0.09
Seychelles,SYC,Africa,2011,194000,0.32,0.02
Syria,SYR,Asia,2011,5070000,1.6,0.518
Chad,TCD,Africa,2011,77000,0.13,0.008
Togo,TGO,Africa,2011,300000,0.5,0.031
Thailand,THA,Asia,2011,19230000,6.05,1.964
Tajikistan,TJK,Asia,2011,183000,0.06,0.019
Timor-Leste,TLS,Asia,2011,51000,0.02,0.005
Tonga,TON,Oceania,2011,46000,0.48,0.005
Trinidad and Tobago,TTO,North America,2011,431000,0.35,0.044
Tunisia,TUN,Africa,2011,5746000,9.59,0.587
Turkey,TUR,Asia,2011,34654000,10.9,3.539
Tuvalu,TUV,Oceania,2011,1200,0.01,0
Tanzania,TZA,Africa,2011,843000,1.41,0.086
Uganda,UGA,Africa,2011,1151000,1.92,0.118
Ukraine,UKR,Europe,2011,21415000,4.84,2.187
Uruguay,URY,South America,2011,2857000,10.94,0.292
United States,USA,North America,2011,63477410,51.34,6.482
Uzbekistan,UZB,Asia,2011,1393000,0.44,0.142
St. Vincent and the Grenadines,VCT,North America,2011,74000,0.06,0.008
Venezuela,VEN,South America,2011,595000,2.28,0.061
Vietnam,VNM,Asia,2011,6014000,1.89,0.614
Vanuatu,VUT,Oceania,2011,94000,0.98,0.01
Samoa,WSM,Oceania,2011,121000,1.27,0.012
Yemen,YEM,Asia,2011,829000,0.26,0.085
South Africa,ZAF,Africa,2011,8339000,13.92,0.852
Zambia,ZMB,Africa,2011,920000,1.54,0.094
Zimbabwe,ZWE,Africa,2011,2423000,4.05,0.247
Angola,AGO,Africa,2012,528000,0.79,0.051
Albania,ALB,Europe,2012,3156000,0.69,0.306
Andorra,AND,Europe,2012,2238000,0.49,0.217
Argentina,ARG,South America,2012,6497000,23.62,0.631
Armenia,ARM,Asia,2012,963000,0.29,0.094
Antigua and Barbuda,ATG,North America,2012,247000,0.19,0.024
Australia,AUS,Oceania,2012,6032000,61.5,0.586
Austria,AUT,Europe,2012,24151000,5.25,2.345
Azerbaijan,AZE,Asia,2012,1986000,0.59,0.193
Burundi,BDI,Africa,2012,147000,0.22,0.014
Belgium,BEL,Europe,2012,7560000,1.64,0.734
Benin,BEN,Africa,2012,220000,0.33,0.021
Burkina Faso,BFA,Africa,2012,237000,0.35,0.023
Bangladesh,BGD,Asia,2012,125000,0.04,0.012
Bulgaria,BGR,Europe,2012,6541000,1.42,0.635
Bahrain,BHR,Asia,2012,8062000,2.39,0.783
"Bahamas, The",BHS,North America,2012,1422000,1.11,0.138
Bosnia and Herzegovina,BIH,Europe,2012,439000,0.1,0.043
Belarus,BLR,Europe,2012,6129900,1.33,0.595
Belize,BLZ,North America,2012,277000,0.22,0.027
Bolivia,BOL,South America,2012,798000,2.9,0.077
Brazil,BRA,South America,2012,5677000,20.64,0.551
Barbados,BRB,North America,2012,536000,0.42,0.052
Brunei Darussalam,BRN,Asia,2012,209000,0.06,0.02
Bhutan,BTN,Asia,2012,105000,0.03,0.01
Botswana,BWA,Africa,2012,1614000,2.41,0.157
Central African Republic,CAF,Africa,2012,70800,0.11,0.007
Canada,CAN,North America,2012,16344000,12.72,1.587
Switzerland,CHE,Europe,2012,8566000,1.86,0.832
Chile,CHL,South America,2012,3554000,12.92,0.345
China,CHN,Asia,2012,57725000,17.14,5.605
Cote d'Ivoire,CIV,Africa,2012,289000,0.43,0.028
Cameroon,CMR,Africa,2012,817000,1.22,0.079
"Congo, Dem. Rep.",COD,Africa,2012,167000,0.25,0.016
"Congo, Rep.",COG,Africa,2012,256000,0.38,0.025
Colombia,COL,South America,2012,2179000,7.92,0.212
Comoros,COM,Africa,2012,22800,0.03,0.002
Cabo Verde,CPV,Africa,2012,482000,0.72,0.047
Costa Rica,CRI,North America,2012,2343000,1.82,0.227
Cuba,CUB,North America,2012,2823000,2.2,0.274
Cyprus,CYP,Europe,2012,2465000,0.54,0.239
Czech Republic,CZE,Europe,2012,7647000,1.66,0.743
Germany,DEU,Europe,2012,30411000,6.61,2.953
Djibouti,DJI,Africa,2012,60000,0.09,0.006
Dominica,DMA,North America,2012,79000,0.06,0.008
Denmark,DNK,Europe,2012,8443000,1.83,0.82
Dominican Republic,DOM,North America,2012,4563000,3.55,0.443
Algeria,DZA,Africa,2012,2634000,3.94,0.256
Ecuador,ECU,South America,2012,1272000,4.63,0.124
Egypt,EGY,Africa,2012,11196000,16.73,1.087
Eritrea,ERI,Africa,2012,129000,0.19,0.013
Spain,ESP,Europe,2012,57464000,12.48,5.58
Estonia,EST,Europe,2012,2957000,0.64,0.287
Ethiopia,ETH,Africa,2012,597000,0.89,0.058
Finland,FIN,Europe,2012,2778000,0.6,0.27
Fiji,FJI,Oceania,2012,661000,6.74,0.064
France,FRA,Europe,2012,81980000,17.81,7.96
"Micronesia, Fed. Sts.",FSM,Oceania,2012,38300,0.39,0.004
United Kingdom,GBR,Europe,2012,29282000,6.36,2.843
Georgia,GEO,Asia,2012,2460000,0.73,0.239
Ghana,GHA,Africa,2012,903000,1.35,0.088
Guinea,GIN,Africa,2012,96000,0.14,0.009
"Gambia, The",GMB,Africa,2012,157000,0.23,0.015
Guinea-Bissau,GNB,Africa,2012,35400,0.05,0.003
Greece,GRC,Europe,2012,15518000,3.37,1.507
Grenada,GRD,North America,2012,125000,0.1,0.012
Guatemala,GTM,North America,2012,1200000,0.93,0.117
Guyana,GUY,South America,2012,177000,0.64,0.017
"Hong Kong SAR, China",HKG,Asia,2012,23770000,7.06,2.308
Honduras,HND,North America,2012,895000,0.7,0.087
Croatia,HRV,Europe,2012,10369000,2.25,1.007
Haiti,HTI,North America,2012,349000,0.27,0.034
Hungary,HUN,Europe,2012,10353000,2.25,1.005
Indonesia,IDN,Asia,2012,8044000,2.39,0.781
India,IND,Asia,2012,6578000,1.95,0.639
Ireland,IRL,Europe,2012,7550000,1.64,0.733
Iran,IRN,Asia,2012,3834000,1.14,0.372
Iraq,IRQ,Asia,2012,1111000,0.33,0.108
Iceland,ISL,Europe,2012,673000,0.15,0.065
Israel,ISR,Asia,2012,2886000,0.86,0.28
Italy,ITA,Europe,2012,46360000,10.07,4.501
Jamaica,JAM,North America,2012,1986000,1.55,0.193
Jordan,JOR,Asia,2012,4162000,1.24,0.404
Japan,JPN,Asia,2012,8358000,2.48,0.812
Kazakhstan,KAZ,Asia,2012,6163000,1.83,0.598
Kenya,KEN,Africa,2012,1619000,2.42,0.157
Kyrgyzstan,KGZ,Asia,2012,348000,0.1,0.034
Cambodia,KHM,Asia,2012,3584000,1.06,0.348
Kiribati,KIR,Oceania,2012,4900,0.05,0
St. Kitts and Nevis,KNA,North America,2012,104000,0.08,0.01
South Korea,KOR,Asia,2012,11140000,3.31,1.082
Kuwait,KWT,Asia,2012,5729000,1.7,0.556
Laos,LAO,Asia,2012,2291000,0.68,0.222
Lebanon,LBN,Asia,2012,1366000,0.41,0.133
St. Lucia,LCA,North America,2012,307000,0.24,0.03
Liechtenstein,LIE,Europe,2012,62400,0.01,0.006
Sri Lanka,LKA,Asia,2012,1006000,0.3,0.098
Lesotho,LSO,Africa,2012,423000,0.63,0.041
Lithuania,LTU,Europe,2012,1900000,0.41,0.184
Luxembourg,LUX,Europe,2012,950000,0.21,0.092
Latvia,LVA,Europe,2012,1435000,0.31,0.139
"Macao SAR, China",MAC,Asia,2012,13577000,4.03,1.318
Morocco,MAR,Africa,2012,9375000,14.01,0.91
Monaco,MCO,Europe,2012,292000,0.06,0.028
Moldova,MDA,Europe,2012,89000,0.02,0.009
Madagascar,MDG,Africa,2012,256000,0.38,0.025
Maldives,MDV,Asia,2012,958000,0.28,0.093
Mexico,MEX,North America,2012,23403000,18.21,2.272
Marshall Islands,MHL,Oceania,2012,4600,0.05,0
North Macedonia,MKD,Europe,2012,351000,0.08,0.034
Malta,MLT,Europe,2012,1443000,0.31,0.14
Myanmar,MMR,Asia,2012,1059000,0.31,0.103
Montenegro,MNE,Europe,2012,1264000,0.27,0.123
Mongolia,MNG,Asia,2012,476000,0.14,0.046
Mozambique,MOZ,Africa,2012,2113000,3.16,0.205
Mauritius,MUS,Africa,2012,965000,1.44,0.094
Malawi,MWI,Africa,2012,770000,1.15,0.075
Malaysia,MYS,Asia,2012,25033000,7.43,2.431
Namibia,NAM,Africa,2012,1079000,1.61,0.105
Niger,NER,Africa,2012,94000,0.14,0.009
Nigeria,NGA,Africa,2012,4673000,6.98,0.454
Nicaragua,NIC,North America,2012,1180000,0.92,0.115
Netherlands,NLD,Europe,2012,11680000,2.54,1.134
Norway,NOR,Europe,2012,4538000,0.99,0.441
Nepal,NPL,Asia,2012,803000,0.24,0.078
New Zealand,NZL,Oceania,2012,2473000,25.21,0.24
Oman,OMN,Asia,2012,1241000,0.37,0.12
Pakistan,PAK,Asia,2012,966000,0.29,0.094
Panama,PAN,North America,2012,1606000,1.25,0.156
Peru,PER,South America,2012,2846000,10.35,0.276
Philippines,PHL,Asia,2012,4273000,1.27,0.415
Palau,PLW,Oceania,2012,120000,1.22,0.012
Papua New Guinea,PNG,Oceania,2012,168000,1.71,0.016
Poland,POL,Europe,2012,14840000,3.22,1.441
Portugal,PRT,Europe,2012,7503000,1.63,0.729
Paraguay,PRY,South America,2012,579000,2.11,0.056
Palestine,PSE,Asia,2012,490000,0.15,0.048
Qatar,QAT,Asia,2012,2323500,0.69,0.226
Romania,ROU,Europe,2012,7937000,1.72,0.771
Russia,RUS,Asia,2012,28177000,8.37,2.736
Rwanda,RWA,Africa,2012,815000,1.22,0.079
Saudi Arabia,SAU,Asia,2012,16332000,4.85,1.586
Sudan,SDN,Africa,2012,575000,0.86,0.056
Senegal,SEN,Africa,2012,962000,1.44,0.093
Singapore,SGP,Asia,2012,11098000,3.3,1.078
Solomon Islands,SLB,Oceania,2012,23900,0.24,0.002
Sierra Leone,SLE,Africa,2012,60000,0.09,0.006
El Salvador,SLV,North America,2012,1255000,0.98,0.122
San Marino,SMR,Europe,2012,139000,0.03,0.013
Serbia,SRB,Europe,2012,810000,0.18,0.079
Sao Tome and Principe,STP,Africa,2012,,0,0
Suriname,SUR,South America,2012,240000,0.87,0.023
Slovakia,SVK,Europe,2012,1528000,0.33,0.148
Slovenia,SVN,Europe,2012,2377000,0.52,0.231
Sweden,SWE,Europe,2012,5146000,1.12,0.5
Eswatini,SWZ,Africa,2012,888000,1.33,0.086
Seychelles,SYC,Africa,2012,208000,0.31,0.02
Syria,SYR,Asia,2012,,0,0
Chad,TCD,Africa,2012,86000,0.13,0.008
Togo,TGO,Africa,2012,235000,0.35,0.023
Thailand,THA,Asia,2012,22354000,6.64,2.171
Tajikistan,TJK,Asia,2012,244000,0.07,0.024
Timor-Leste,TLS,Asia,2012,58000,0.02,0.006
Tonga,TON,Oceania,2012,47400,0.48,0.005
Trinidad and Tobago,TTO,North America,2012,455000,0.35,0.044
Tunisia,TUN,Africa,2012,6999000,10.46,0.68
Turkey,TUR,Asia,2012,35698000,10.6,3.466
Tuvalu,TUV,Oceania,2012,1100,0.01,0
Tanzania,TZA,Africa,2012,1043000,1.56,0.101
Uganda,UGA,Africa,2012,1197000,1.79,0.116
Ukraine,UKR,Europe,2012,23013000,5,2.234
Uruguay,URY,South America,2012,2695000,9.8,0.262
United States,USA,North America,2012,66966900,52.1,6.502
Uzbekistan,UZB,Asia,2012,1895000,0.56,0.184
St. Vincent and the Grenadines,VCT,North America,2012,74000,0.06,0.007
Venezuela,VEN,South America,2012,988000,3.59,0.096
Vietnam,VNM,Asia,2012,6848000,2.03,0.665
Vanuatu,VUT,Oceania,2012,108200,1.1,0.011
Samoa,WSM,Oceania,2012,126000,1.28,0.012
Yemen,YEM,Asia,2012,874000,0.26,0.085
South Africa,ZAF,Africa,2012,9188000,13.73,0.892
Zambia,ZMB,Africa,2012,859000,1.28,0.083
Zimbabwe,ZWE,Africa,2012,1794000,2.68,0.174
Angola,AGO,Africa,2013,650000,0.98,0.06
Albania,ALB,Europe,2013,2857000,0.59,0.265
Andorra,AND,Europe,2013,2328000,0.48,0.216
Argentina,ARG,South America,2013,6510000,23.05,0.603
Armenia,ARM,Asia,2013,1084000,0.3,0.1
Antigua and Barbuda,ATG,North America,2013,243000,0.18,0.023
Australia,AUS,Oceania,2013,6482000,62.33,0.601
Austria,AUT,Europe,2013,24813000,5.15,2.299
Azerbaijan,AZE,Asia,2013,2130000,0.59,0.197
Burundi,BDI,Africa,2013,234000,0.35,0.022
Belgium,BEL,Europe,2013,7684000,1.59,0.712
Benin,BEN,Africa,2013,231000,0.35,0.021
Burkina Faso,BFA,Africa,2013,218000,0.33,0.02
Bangladesh,BGD,Asia,2013,148000,0.04,0.014
Bulgaria,BGR,Europe,2013,6898000,1.43,0.639
Bahrain,BHR,Asia,2013,9163000,2.56,0.849
"Bahamas, The",BHS,North America,2013,1366000,1.02,0.127
Bosnia and Herzegovina,BIH,Europe,2013,529000,0.11,0.049
Belarus,BLR,Europe,2013,6241800,1.29,0.578
Belize,BLZ,North America,2013,294000,0.22,0.027
Bolivia,BOL,South America,2013,798000,2.83,0.074
Brazil,BRA,South America,2013,5813000,20.58,0.539
Barbados,BRB,North America,2013,509000,0.38,0.047
Brunei Darussalam,BRN,Asia,2013,225000,0.06,0.021
Bhutan,BTN,Asia,2013,116000,0.03,0.011
Botswana,BWA,Africa,2013,1544000,2.32,0.143
Central African Republic,CAF,Africa,2013,83500,0.13,0.008
Canada,CAN,North America,2013,16059000,11.98,1.488
Switzerland,CHE,Europe,2013,8967000,1.86,0.831
Chile,CHL,South America,2013,3576000,12.66,0.331
China,CHN,Asia,2013,55686000,15.55,5.159
Cote d'Ivoire,CIV,Africa,2013,380000,0.57,0.035
Cameroon,CMR,Africa,2013,783000,1.18,0.073
"Congo, Dem. Rep.",COD,Africa,2013,191000,0.29,0.018
"Congo, Rep.",COG,Africa,2013,343000,0.52,0.032
Colombia,COL,South America,2013,2288000,8.1,0.212
Comoros,COM,Africa,2013,21900,0.03,0.002
Cabo Verde,CPV,Africa,2013,503000,0.76,0.047
Costa Rica,CRI,North America,2013,2428000,1.81,0.225
Cuba,CUB,North America,2013,2839000,2.12,0.263
Cyprus,CYP,Europe,2013,2405000,0.5,0.223
Czech Republic,CZE,Europe,2013,7852000,1.63,0.727
Germany,DEU,Europe,2013,31545000,6.54,2.922
Djibouti,DJI,Africa,2013,63000,0.09,0.006
Dominica,DMA,North America,2013,78000,0.06,0.007
Denmark,DNK,Europe,2013,8557000,1.77,0.793
Dominican Republic,DOM,North America,2013,4690000,3.5,0.434
Algeria,DZA,Africa,2013,2733000,4.11,0.253
Ecuador,ECU,South America,2013,1364000,4.83,0.126
Egypt,EGY,Africa,2013,9174000,13.8,0.85
Eritrea,ERI,Africa,2013,141000,0.21,0.013
Spain,ESP,Europe,2013,60675000,12.58,5.621
Estonia,EST,Europe,2013,3111000,0.65,0.288
Ethiopia,ETH,Africa,2013,681000,1.02,0.063
Finland,FIN,Europe,2013,2797000,0.58,0.259
Fiji,FJI,Oceania,2013,659000,6.34,0.061
France,FRA,Europe,2013,83634000,17.35,7.748
"Micronesia, Fed. Sts.",FSM,Oceania,2013,42100,0.4,0.004
United Kingdom,GBR,Europe,2013,31063000,6.44,2.878
Georgia,GEO,Asia,2013,2884000,0.81,0.267
Ghana,GHA,Africa,2013,994000,1.5,0.092
Guinea,GIN,Africa,2013,56000,0.08,0.005
"Gambia, The",GMB,Africa,2013,171000,0.26,0.016
Guinea-Bissau,GNB,Africa,2013,35500,0.05,0.003
Greece,GRC,Europe,2013,17920000,3.72,1.66
Grenada,GRD,North America,2013,128000,0.1,0.012
Guatemala,GTM,North America,2013,1224000,0.91,0.113
Guyana,GUY,South America,2013,200000,0.71,0.019
"Hong Kong SAR, China",HKG,Asia,2013,25661000,7.17,2.377
Honduras,HND,North America,2013,863000,0.64,0.08
Croatia,HRV,Europe,2013,10948000,2.27,1.014
Haiti,HTI,North America,2013,420000,0.31,0.039
Hungary,HUN,Europe,2013,10624000,2.2,0.984
Indonesia,IDN,Asia,2013,8802000,2.46,0.815
India,IND,Asia,2013,6968000,1.95,0.646
Ireland,IRL,Europe,2013,8260000,1.71,0.765
Iran,IRN,Asia,2013,4769000,1.33,0.442
Iraq,IRQ,Asia,2013,892000,0.25,0.083
Iceland,ISL,Europe,2013,807300,0.17,0.075
Israel,ISR,Asia,2013,2962000,0.83,0.274
Italy,ITA,Europe,2013,47704000,9.89,4.419
Jamaica,JAM,North America,2013,2008400,1.5,0.186
Jordan,JOR,Asia,2013,3945000,1.1,0.365
Japan,JPN,Asia,2013,10364000,2.89,0.96
Kazakhstan,KAZ,Asia,2013,6841000,1.91,0.634
Kenya,KEN,Africa,2013,1434000,2.16,0.133
Kyrgyzstan,KGZ,Asia,2013,415000,0.12,0.038
Cambodia,KHM,Asia,2013,4210000,1.18,0.39
Kiribati,KIR,Oceania,2013,5900,0.06,0.001
St. Kitts and Nevis,KNA,North America,2013,107000,0.08,0.01
South Korea,KOR,Asia,2013,12176000,3.4,1.128
Kuwait,KWT,Asia,2013,6217000,1.74,0.576
Laos,LAO,Asia,2013,2700000,0.75,0.25
Lebanon,LBN,Asia,2013,1274000,0.36,0.118
St. Lucia,LCA,North America,2013,319000,0.24,0.03
Liechtenstein,LIE,Europe,2013,59600,0.01,0.006
Sri Lanka,LKA,Asia,2013,1275000,0.36,0.118
Lesotho,LSO,Africa,2013,433000,0.65,0.04
Lithuania,LTU,Europe,2013,2012000,0.42,0.186
Luxembourg,LUX,Europe,2013,945000,0.2,0.088
Latvia,LVA,Europe,2013,1536000,0.32,0.142
"Macao SAR, China",MAC,Asia,2013,14268000,3.98,1.322
Morocco,MAR,Africa,2013,10046000,15.11,0.931
Monaco,MCO,Europe,2013,328000,0.07,0.03
Moldova,MDA,Europe,2013,95600,0.02,0.009
Madagascar,MDG,Africa,2013,196000,0.29,0.018
Maldives,MDV,Asia,2013,1125000,0.31,0.104
Mexico,MEX,North America,2013,24151000,18.02,2.237
Marshall Islands,MHL,Oceania,2013,,0,0
North Macedonia,MKD,Europe,2013,400000,0.08,0.037
Malta,MLT,Europe,2013,1582000,0.33,0.147
Myanmar,MMR,Asia,2013,2044000,0.57,0.189
Montenegro,MNE,Europe,2013,1324000,0.27,0.123
Mongolia,MNG,Asia,2013,418000,0.12,0.039
Mozambique,MOZ,Africa,2013,1886000,2.84,0.175
Mauritius,MUS,Africa,2013,993000,1.49,0.092
Malawi,MWI,Africa,2013,795000,1.2,0.074
Malaysia,MYS,Asia,2013,25715000,7.18,2.382
Namibia,NAM,Africa,2013,1176000,1.77,0.109
Niger,NER,Africa,2013,123000,0.19,0.011
Nigeria,NGA,Africa,2013,4038000,6.07,0.374
Nicaragua,NIC,North America,2013,1229000,0.92,0.114
Netherlands,NLD,Europe,2013,12783000,2.65,1.184
Norway,NOR,Europe,2013,4778000,0.99,0.443
Nepal,NPL,Asia,2013,798000,0.22,0.074
New Zealand,NZL,Oceania,2013,2629000,25.28,0.244
Oman,OMN,Asia,2013,1392000,0.39,0.129
Pakistan,PAK,Asia,2013,,0,0
Panama,PAN,North America,2013,1658000,1.24,0.154
Peru,PER,South America,2013,3164000,11.2,0.293
Philippines,PHL,Asia,2013,4681000,1.31,0.434
Palau,PLW,Oceania,2013,108000,1.04,0.01
Papua New Guinea,PNG,Oceania,2013,174000,1.67,0.016
Poland,POL,Europe,2013,15800000,3.28,1.464
Portugal,PRT,Europe,2013,9177000,1.9,0.85
Paraguay,PRY,South America,2013,610000,2.16,0.057
Palestine,PSE,Asia,2013,545000,0.15,0.05
Qatar,QAT,Asia,2013,2611900,0.73,0.242
Romania,ROU,Europe,2013,8019000,1.66,0.743
Russia,RUS,Asia,2013,30792000,8.6,2.853
Rwanda,RWA,Africa,2013,864000,1.3,0.08
Saudi Arabia,SAU,Asia,2013,15772000,4.4,1.461
Sudan,SDN,Africa,2013,591000,0.89,0.055
Senegal,SEN,Africa,2013,1063000,1.6,0.098
Singapore,SGP,Asia,2013,11899000,3.32,1.102
Solomon Islands,SLB,Oceania,2013,24400,0.23,0.002
Sierra Leone,SLE,Africa,2013,81000,0.12,0.008
El Salvador,SLV,North America,2013,1283000,0.96,0.119
San Marino,SMR,Europe,2013,71000,0.01,0.007
Serbia,SRB,Europe,2013,922000,0.19,0.085
Sao Tome and Principe,STP,Africa,2013,,0,0
Suriname,SUR,South America,2013,249000,0.88,0.023
Slovakia,SVK,Europe,2013,1670000,0.35,0.155
Slovenia,SVN,Europe,2013,2502000,0.52,0.232
Sweden,SWE,Europe,2013,5229000,1.08,0.484
Eswatini,SWZ,Africa,2013,968000,1.46,0.09
Seychelles,SYC,Africa,2013,230000,0.35,0.021
Syria,SYR,Asia,2013,,0,0
Chad,TCD,Africa,2013,97000,0.15,0.009
Togo,TGO,Africa,2013,327000,0.49,0.03
Thailand,THA,Asia,2013,26547000,7.41,2.459
Tajikistan,TJK,Asia,2013,208000,0.06,0.019
Timor-Leste,TLS,Asia,2013,79000,0.02,0.007
Tonga,TON,Oceania,2013,48200,0.46,0.004
Trinidad and Tobago,TTO,North America,2013,434000,0.32,0.04
Tunisia,TUN,Africa,2013,7352000,11.06,0.681
Turkey,TUR,Asia,2013,37795000,10.55,3.501
Tuvalu,TUV,Oceania,2013,1300,0.01,0
Tanzania,TZA,Africa,2013,1063000,1.6,0.098
Uganda,UGA,Africa,2013,1206000,1.81,0.112
Ukraine,UKR,Europe,2013,24671000,5.12,2.286
Uruguay,URY,South America,2013,2683000,9.5,0.249
United States,USA,North America,2013,71642910,53.45,6.637
Uzbekistan,UZB,Asia,2013,1969000,0.55,0.182
St. Vincent and the Grenadines,VCT,North America,2013,72000,0.05,0.007
Venezuela,VEN,South America,2013,986000,3.49,0.091
Vietnam,VNM,Asia,2013,7572000,2.11,0.701
Vanuatu,VUT,Oceania,2013,110000,1.06,0.01
Samoa,WSM,Oceania,2013,116000,1.12,0.011
Yemen,YEM,Asia,2013,990000,0.28,0.092
South Africa,ZAF,Africa,2013,9537000,14.35,0.884
Zambia,ZMB,Africa,2013,915000,1.38,0.085
Zimbabwe,ZWE,Africa,2013,1833000,2.76,0.17
Angola,AGO,Africa,2014,595000,0.87,0.053
Albania,ALB,Europe,2014,3341000,0.68,0.296
Andorra,AND,Europe,2014,2363000,0.48,0.209
Argentina,ARG,South America,2014,7165000,23.69,0.635
Armenia,ARM,Asia,2014,1204000,0.32,0.107
Antigua and Barbuda,ATG,North America,2014,249000,0.17,0.022
Australia,AUS,Oceania,2014,6922000,62.61,0.613
Austria,AUT,Europe,2014,25291000,5.13,2.24
Azerbaijan,AZE,Asia,2014,2160000,0.57,0.191
Burundi,BDI,Africa,2014,235000,0.34,0.021
Belgium,BEL,Europe,2014,7887000,1.6,0.699
Benin,BEN,Africa,2014,242000,0.35,0.021
Burkina Faso,BFA,Africa,2014,191000,0.28,0.017
Bangladesh,BGD,Asia,2014,125000,0.03,0.011
Bulgaria,BGR,Europe,2014,7311000,1.48,0.648
Bahrain,BHR,Asia,2014,10452000,2.74,0.926
"Bahamas, The",BHS,North America,2014,1446000,1,0.128
Bosnia and Herzegovina,BIH,Europe,2014,536000,0.11,0.047
Belarus,BLR,Europe,2014,5374900,1.09,0.476
Belize,BLZ,North America,2014,321000,0.22,0.028
Bolivia,BOL,South America,2014,871000,2.88,0.077
Brazil,BRA,South America,2014,6430000,21.26,0.57
Barbados,BRB,North America,2014,521000,0.36,0.046
Brunei Darussalam,BRN,Asia,2014,201000,0.05,0.018
Bhutan,BTN,Asia,2014,133000,0.03,0.012
Botswana,BWA,Africa,2014,1966000,2.88,0.174
Central African Republic,CAF,Africa,2014,95700,0.14,0.008
Canada,CAN,North America,2014,16537000,11.42,1.465
Switzerland,CHE,Europe,2014,9158000,1.86,0.811
Chile,CHL,South America,2014,3674000,12.15,0.325
China,CHN,Asia,2014,55622000,14.56,4.927
Cote d'Ivoire,CIV,Africa,2014,471000,0.69,0.042
Cameroon,CMR,Africa,2014,822000,1.2,0.073
"Congo, Dem. Rep.",COD,Africa,2014,334000,0.49,0.03
"Congo, Rep.",COG,Africa,2014,226000,0.33,0.02
Colombia,COL,South America,2014,2552000,8.44,0.226
Comoros,COM,Africa,2014,22800,0.03,0.002
Cabo Verde,CPV,Africa,2014,494000,0.72,0.044
Costa Rica,CRI,North America,2014,2527000,1.74,0.224
Cuba,CUB,North America,2014,2981000,2.06,0.264
Cyprus,CYP,Europe,2014,2441000,0.5,0.216
Czech Republic,CZE,Europe,2014,8096000,1.64,0.717
Germany,DEU,Europe,2014,32999000,6.7,2.923
Djibouti,DJI,Africa,2014,,0,0
Dominica,DMA,North America,2014,81500,0.06,0.007
Denmark,DNK,Europe,2014,10267000,2.08,0.909
Dominican Republic,DOM,North America,2014,5141400,3.55,0.455
Algeria,DZA,Africa,2014,2301000,3.37,0.204
Ecuador,ECU,South America,2014,1695000,5.6,0.15
Egypt,EGY,Africa,2014,9628300,14.1,0.853
Eritrea,ERI,Africa,2014,119000,0.17,0.011
Spain,ESP,Europe,2014,64939000,13.18,5.752
Estonia,EST,Europe,2014,3160000,0.64,0.28
Ethiopia,ETH,Africa,2014,770000,1.13,0.068
Finland,FIN,Europe,2014,2731000,0.55,0.242
Fiji,FJI,Oceania,2014,693000,6.27,0.061
France,FRA,Europe,2014,83701000,16.99,7.414
"Micronesia, Fed. Sts.",FSM,Oceania,2014,35400,0.32,0.003
United Kingdom,GBR,Europe,2014,32613000,6.62,2.889
Georgia,GEO,Asia,2014,2939000,0.77,0.26
Ghana,GHA,Africa,2014,825000,1.21,0.073
Guinea,GIN,Africa,2014,33000,0.05,0.003
"Gambia, The",GMB,Africa,2014,156000,0.23,0.014
Guinea-Bissau,GNB,Africa,2014,36100,0.05,0.003
Greece,GRC,Europe,2014,22033000,4.47,1.952
Grenada,GRD,North America,2014,150000,0.1,0.013
Guatemala,GTM,North America,2014,1371000,0.95,0.121
Guyana,GUY,South America,2014,206000,0.68,0.018
"Hong Kong SAR, China",HKG,Asia,2014,27770000,7.27,2.46
Honduras,HND,North America,2014,868000,0.6,0.077
Croatia,HRV,Europe,2014,11623000,2.36,1.029
Haiti,HTI,North America,2014,465200,0.32,0.041
Hungary,HUN,Europe,2014,12140000,2.46,1.075
Indonesia,IDN,Asia,2014,9435000,2.47,0.836
India,IND,Asia,2014,13107000,3.43,1.161
Ireland,IRL,Europe,2014,8813000,1.79,0.781
Iran,IRN,Asia,2014,4968000,1.3,0.44
Iraq,IRQ,Asia,2014,,0,0
Iceland,ISL,Europe,2014,997000,0.2,0.088
Israel,ISR,Asia,2014,2927000,0.77,0.259
Italy,ITA,Europe,2014,48576000,9.86,4.303
Jamaica,JAM,North America,2014,2080000,1.44,0.184
Jordan,JOR,Asia,2014,3990000,1.04,0.353
Japan,JPN,Asia,2014,13413000,3.51,1.188
Kazakhstan,KAZ,Asia,2014,6333000,1.66,0.561
Kenya,KEN,Africa,2014,1261000,1.85,0.112
Kyrgyzstan,KGZ,Asia,2014,413000,0.11,0.037
Cambodia,KHM,Asia,2014,4503000,1.18,0.399
Kiribati,KIR,Oceania,2014,5000,0.05,0
St. Kitts and Nevis,KNA,North America,2014,113000,0.08,0.01
South Korea,KOR,Asia,2014,14202000,3.72,1.258
Kuwait,KWT,Asia,2014,6528000,1.71,0.578
Laos,LAO,Asia,2014,3164000,0.83,0.28
Lebanon,LBN,Asia,2014,1355000,0.35,0.12
St. Lucia,LCA,North America,2014,338000,0.23,0.03
Liechtenstein,LIE,Europe,2014,61300,0.01,0.005
Sri Lanka,LKA,Asia,2014,1527000,0.4,0.135
Lesotho,LSO,Africa,2014,1079000,1.58,0.096
Lithuania,LTU,Europe,2014,2063000,0.42,0.183
Luxembourg,LUX,Europe,2014,1038000,0.21,0.092
Latvia,LVA,Europe,2014,1843000,0.37,0.163
"Macao SAR, China",MAC,Asia,2014,14566000,3.81,1.29
Morocco,MAR,Africa,2014,10283000,15.06,0.911
Monaco,MCO,Europe,2014,329000,0.07,0.029
Moldova,MDA,Europe,2014,93900,0.02,0.008
Madagascar,MDG,Africa,2014,222000,0.33,0.02
Maldives,MDV,Asia,2014,1205000,0.32,0.107
Mexico,MEX,North America,2014,29346000,20.26,2.599
Marshall Islands,MHL,Oceania,2014,4900,0.04,0
North Macedonia,MKD,Europe,2014,425000,0.09,0.038
Malta,MLT,Europe,2014,1690000,0.34,0.15
Myanmar,MMR,Asia,2014,3081000,0.81,0.273
Montenegro,MNE,Europe,2014,1350000,0.27,0.12
Mongolia,MNG,Asia,2014,393000,0.1,0.035
Mozambique,MOZ,Africa,2014,1661000,2.43,0.147
Mauritius,MUS,Africa,2014,1038000,1.52,0.092
Malawi,MWI,Africa,2014,819000,1.2,0.073
Malaysia,MYS,Asia,2014,27437000,7.18,2.43
Namibia,NAM,Africa,2014,1320000,1.93,0.117
Niger,NER,Africa,2014,135000,0.2,0.012
Nigeria,NGA,Africa,2014,4803000,7.03,0.425
Nicaragua,NIC,North America,2014,1330000,0.92,0.118
Netherlands,NLD,Europe,2014,13925000,2.83,1.233
Norway,NOR,Europe,2014,4855000,0.99,0.43
Nepal,NPL,Asia,2014,790000,0.21,0.07
New Zealand,NZL,Oceania,2014,2772000,25.07,0.246
Oman,OMN,Asia,2014,1611000,0.42,0.143
Pakistan,PAK,Asia,2014,,0,0
Panama,PAN,North America,2014,1745000,1.2,0.155
Peru,PER,South America,2014,3215000,10.63,0.285
Philippines,PHL,Asia,2014,4833000,1.27,0.428
Palau,PLW,Oceania,2014,140000,1.27,0.012
Papua New Guinea,PNG,Oceania,2014,182000,1.65,0.016
Poland,POL,Europe,2014,16000000,3.25,1.417
Portugal,PRT,Europe,2014,10497000,2.13,0.93
Paraguay,PRY,South America,2014,649000,2.15,0.057
Palestine,PSE,Asia,2014,556000,0.15,0.049
Qatar,QAT,Asia,2014,2839200,0.74,0.251
Romania,ROU,Europe,2014,8442000,1.71,0.748
Russia,RUS,Asia,2014,32421000,8.49,2.872
Rwanda,RWA,Africa,2014,926000,1.36,0.082
Saudi Arabia,SAU,Asia,2014,18260000,4.78,1.617
Sudan,SDN,Africa,2014,684000,1,0.061
Senegal,SEN,Africa,2014,963000,1.41,0.085
Singapore,SGP,Asia,2014,11864000,3.11,1.051
Solomon Islands,SLB,Oceania,2014,20100,0.18,0.002
Sierra Leone,SLE,Africa,2014,44000,0.06,0.004
El Salvador,SLV,North America,2014,1345000,0.93,0.119
San Marino,SMR,Europe,2014,75000,0.02,0.007
Serbia,SRB,Europe,2014,1029000,0.21,0.091
Sao Tome and Principe,STP,Africa,2014,,0,0
Suriname,SUR,South America,2014,252000,0.83,0.022
Slovakia,SVK,Europe,2014,1475000,0.3,0.131
Slovenia,SVN,Europe,2014,2675000,0.54,0.237
Sweden,SWE,Europe,2014,5660000,1.15,0.501
Eswatini,SWZ,Africa,2014,939000,1.37,0.083
Seychelles,SYC,Africa,2014,233000,0.34,0.021
Syria,SYR,Asia,2014,,0,0
Chad,TCD,Africa,2014,119000,0.17,0.011
Togo,TGO,Africa,2014,282000,0.41,0.025
Thailand,THA,Asia,2014,24810000,6.5,2.197
Tajikistan,TJK,Asia,2014,213000,0.06,0.019
Timor-Leste,TLS,Asia,2014,60000,0.02,0.005
Tonga,TON,Oceania,2014,50400,0.46,0.004
Trinidad and Tobago,TTO,North America,2014,412000,0.28,0.036
Tunisia,TUN,Africa,2014,7163000,10.49,0.634
Turkey,TUR,Asia,2014,39811000,10.42,3.526
Tuvalu,TUV,Oceania,2014,1400,0.01,0
Tanzania,TZA,Africa,2014,1113000,1.63,0.099
Uganda,UGA,Africa,2014,1266000,1.85,0.112
Ukraine,UKR,Europe,2014,12712000,2.58,1.126
Uruguay,URY,South America,2014,2682000,8.87,0.238
United States,USA,North America,2014,75379350,52.05,6.677
Uzbekistan,UZB,Asia,2014,1862000,0.49,0.165
St. Vincent and the Grenadines,VCT,North America,2014,71000,0.05,0.006
Venezuela,VEN,South America,2014,857000,2.83,0.076
Vietnam,VNM,Asia,2014,7874000,2.06,0.697
Vanuatu,VUT,Oceania,2014,109000,0.99,0.01
Samoa,WSM,Oceania,2014,120400,1.09,0.011
Yemen,YEM,Asia,2014,1017500,0.27,0.09
South Africa,ZAF,Africa,2014,9549000,13.98,0.846
Zambia,ZMB,Africa,2014,947000,1.39,0.084
Zimbabwe,ZWE,Africa,2014,1880000,2.75,0.167
Angola,AGO,Africa,2015,592000,0.88,0.05
Albania,ALB,Europe,2015,3784000,0.73,0.322
Andorra,AND,Europe,2015,2663000,0.52,0.226
Argentina,ARG,South America,2015,6816000,21.43,0.579
Armenia,ARM,Asia,2015,1192000,0.3,0.101
Antigua and Barbuda,ATG,North America,2015,250000,0.16,0.021
Australia,AUS,Oceania,2015,7449000,62.46,0.633
Austria,AUT,Europe,2015,26728000,5.17,2.271
Azerbaijan,AZE,Asia,2015,1922000,0.49,0.163
Burundi,BDI,Africa,2015,131000,0.2,0.011
Belgium,BEL,Europe,2015,8355000,1.62,0.71
Benin,BEN,Africa,2015,255000,0.38,0.022
Burkina Faso,BFA,Africa,2015,163000,0.24,0.014
Bangladesh,BGD,Asia,2015,643000,0.16,0.055
Bulgaria,BGR,Europe,2015,7099000,1.37,0.603
Bahrain,BHR,Asia,2015,9670000,2.44,0.822
"Bahamas, The",BHS,North America,2015,1502000,0.98,0.128
Bosnia and Herzegovina,BIH,Europe,2015,678000,0.13,0.058
Belarus,BLR,Europe,2015,4385600,0.85,0.373
Belize,BLZ,North America,2015,341000,0.22,0.029
Bolivia,BOL,South America,2015,882000,2.77,0.075
Brazil,BRA,South America,2015,6306000,19.83,0.536
Barbados,BRB,North America,2015,592000,0.39,0.05
Brunei Darussalam,BRN,Asia,2015,218000,0.06,0.019
Bhutan,BTN,Asia,2015,155000,0.04,0.013
Botswana,BWA,Africa,2015,1528000,2.28,0.13
Central African Republic,CAF,Africa,2015,120500,0.18,0.01
Canada,CAN,North America,2015,17971000,11.72,1.527
Switzerland,CHE,Europe,2015,9305000,1.8,0.791
Chile,CHL,South America,2015,4478000,14.08,0.38
China,CHN,Asia,2015,56886000,14.38,4.833
Cote d'Ivoire,CIV,Africa,2015,1441000,2.15,0.122
Cameroon,CMR,Africa,2015,897000,1.34,0.076
"Congo, Dem. Rep.",COD,Africa,2015,354000,0.53,0.03
"Congo, Rep.",COG,Africa,2015,220000,0.33,0.019
Colombia,COL,South America,2015,2980000,9.37,0.253
Comoros,COM,Africa,2015,23600,0.04,0.002
Cabo Verde,CPV,Africa,2015,520000,0.77,0.044
Costa Rica,CRI,North America,2015,2660000,1.73,0.226
Cuba,CUB,North America,2015,3506000,2.29,0.298
Cyprus,CYP,Europe,2015,2659000,0.51,0.226
Czech Republic,CZE,Europe,2015,8707000,1.68,0.74
Germany,DEU,Europe,2015,34970000,6.76,2.971
Djibouti,DJI,Africa,2015,,0,0
Dominica,DMA,North America,2015,75000,0.05,0.006
Denmark,DNK,Europe,2015,10424000,2.02,0.886
Dominican Republic,DOM,North America,2015,5600000,3.65,0.476
Algeria,DZA,Africa,2015,1710000,2.55,0.145
Ecuador,ECU,South America,2015,1676000,5.27,0.142
Egypt,EGY,Africa,2015,9139000,13.61,0.777
Eritrea,ERI,Africa,2015,114000,0.17,0.01
Spain,ESP,Europe,2015,68175000,13.19,5.793
Estonia,EST,Europe,2015,2961000,0.57,0.252
Ethiopia,ETH,Africa,2015,864000,1.29,0.073
Finland,FIN,Europe,2015,2622000,0.51,0.223
Fiji,FJI,Oceania,2015,755000,6.33,0.064
France,FRA,Europe,2015,84452000,16.33,7.176
"Micronesia, Fed. Sts.",FSM,Oceania,2015,31200,0.26,0.003
United Kingdom,GBR,Europe,2015,34436000,6.66,2.926
Georgia,GEO,Asia,2015,3012000,0.76,0.256
Ghana,GHA,Africa,2015,897000,1.34,0.076
Guinea,GIN,Africa,2015,35000,0.05,0.003
"Gambia, The",GMB,Africa,2015,449000,0.67,0.038
Guinea-Bissau,GNB,Africa,2015,43800,0.07,0.004
Greece,GRC,Europe,2015,23599000,4.56,2.005
Grenada,GRD,North America,2015,155000,0.1,0.013
Guatemala,GTM,North America,2015,1473000,0.96,0.125
Guyana,GUY,South America,2015,207000,0.65,0.018
"Hong Kong SAR, China",HKG,Asia,2015,26686000,6.75,2.267
Honduras,HND,North America,2015,880000,0.57,0.075
Croatia,HRV,Europe,2015,12683000,2.45,1.078
Haiti,HTI,North America,2015,516000,0.34,0.044
Hungary,HUN,Europe,2015,14316000,2.77,1.216
Indonesia,IDN,Asia,2015,10407000,2.63,0.884
India,IND,Asia,2015,13284000,3.36,1.129
Ireland,IRL,Europe,2015,9528000,1.84,0.81
Iran,IRN,Asia,2015,5237000,1.32,0.445
Iraq,IRQ,Asia,2015,,0,0
Iceland,ISL,Europe,2015,1289000,0.25,0.11
Israel,ISR,Asia,2015,2799000,0.71,0.238
Italy,ITA,Europe,2015,50732000,9.81,4.31
Jamaica,JAM,North America,2015,2123000,1.38,0.18
Jordan,JOR,Asia,2015,3761000,0.95,0.32
Japan,JPN,Asia,2015,19737000,4.99,1.677
Kazakhstan,KAZ,Asia,2015,6430000,1.63,0.546
Kenya,KEN,Africa,2015,1114000,1.66,0.095
Kyrgyzstan,KGZ,Asia,2015,402000,0.1,0.034
Cambodia,KHM,Asia,2015,4775000,1.21,0.406
Kiribati,KIR,Oceania,2015,3900,0.03,0
St. Kitts and Nevis,KNA,North America,2015,118000,0.08,0.01
South Korea,KOR,Asia,2015,13232000,3.34,1.124
Kuwait,KWT,Asia,2015,6941000,1.75,0.59
Laos,LAO,Asia,2015,3543000,0.9,0.301
Lebanon,LBN,Asia,2015,1518000,0.38,0.129
St. Lucia,LCA,North America,2015,345000,0.22,0.029
Liechtenstein,LIE,Europe,2015,56700,0.01,0.005
Sri Lanka,LKA,Asia,2015,1798000,0.45,0.153
Lesotho,LSO,Africa,2015,1082000,1.61,0.092
Lithuania,LTU,Europe,2015,2071000,0.4,0.176
Luxembourg,LUX,Europe,2015,1090000,0.21,0.093
Latvia,LVA,Europe,2015,2024000,0.39,0.172
"Macao SAR, China",MAC,Asia,2015,14308000,3.62,1.216
Morocco,MAR,Africa,2015,10177000,15.16,0.865
Monaco,MCO,Europe,2015,331000,0.06,0.028
Moldova,MDA,Europe,2015,94400,0.02,0.008
Madagascar,MDG,Africa,2015,244000,0.36,0.021
Maldives,MDV,Asia,2015,1234000,0.31,0.105
Mexico,MEX,North America,2015,32093000,20.92,2.727
Marshall Islands,MHL,Oceania,2015,6300,0.05,0.001
North Macedonia,MKD,Europe,2015,486000,0.09,0.041
Malta,MLT,Europe,2015,1783000,0.34,0.151
Myanmar,MMR,Asia,2015,4681000,1.18,0.398
Montenegro,MNE,Europe,2015,1560000,0.3,0.133
Mongolia,MNG,Asia,2015,386000,0.1,0.033
Mozambique,MOZ,Africa,2015,1552000,2.31,0.132
Mauritius,MUS,Africa,2015,1151000,1.71,0.098
Malawi,MWI,Africa,2015,805000,1.2,0.068
Malaysia,MYS,Asia,2015,25721000,6.5,2.185
Namibia,NAM,Africa,2015,1388000,2.07,0.118
Niger,NER,Africa,2015,135000,0.2,0.011
Nigeria,NGA,Africa,2015,6017000,8.96,0.511
Nicaragua,NIC,North America,2015,1386000,0.9,0.118
Netherlands,NLD,Europe,2015,15007000,2.9,1.275
Norway,NOR,Europe,2015,5361000,1.04,0.456
Nepal,NPL,Asia,2015,539000,0.14,0.046
New Zealand,NZL,Oceania,2015,3039000,25.48,0.258
Oman,OMN,Asia,2015,1909000,0.48,0.162
Pakistan,PAK,Asia,2015,,0,0
Panama,PAN,North America,2015,2110000,1.38,0.179
Peru,PER,South America,2015,3456000,10.87,0.294
Philippines,PHL,Asia,2015,5361000,1.36,0.456
Palau,PLW,Oceania,2015,162000,1.36,0.014
Papua New Guinea,PNG,Oceania,2015,183000,1.53,0.016
Poland,POL,Europe,2015,16728000,3.24,1.421
Portugal,PRT,Europe,2015,11723000,2.27,0.996
Paraguay,PRY,South America,2015,1215000,3.82,0.103
Palestine,PSE,Asia,2015,432000,0.11,0.037
Qatar,QAT,Asia,2015,2941100,0.74,0.25
Romania,ROU,Europe,2015,9331000,1.8,0.793
Russia,RUS,Asia,2015,33729000,8.53,2.866
Rwanda,RWA,Africa,2015,987000,1.47,0.084
Saudi Arabia,SAU,Asia,2015,17994000,4.55,1.529
Sudan,SDN,Africa,2015,741000,1.1,0.063
Senegal,SEN,Africa,2015,1006600,1.5,0.086
Singapore,SGP,Asia,2015,12051000,3.05,1.024
Solomon Islands,SLB,Oceania,2015,21600,0.18,0.002
Sierra Leone,SLE,Africa,2015,24000,0.04,0.002
El Salvador,SLV,North America,2015,1402000,0.91,0.119
San Marino,SMR,Europe,2015,54000,0.01,0.005
Serbia,SRB,Europe,2015,1132000,0.22,0.096
Sao Tome and Principe,STP,Africa,2015,25600,0.04,0.002
Suriname,SUR,South America,2015,228000,0.72,0.019
Slovakia,SVK,Europe,2015,1721000,0.33,0.146
Slovenia,SVN,Europe,2015,3022000,0.58,0.257
Sweden,SWE,Europe,2015,6482000,1.25,0.551
Eswatini,SWZ,Africa,2015,873000,1.3,0.074
Seychelles,SYC,Africa,2015,276000,0.41,0.023
Syria,SYR,Asia,2015,,0,0
Chad,TCD,Africa,2015,120000,0.18,0.01
Togo,TGO,Africa,2015,273000,0.41,0.023
Thailand,THA,Asia,2015,29923000,7.56,2.542
Tajikistan,TJK,Asia,2015,414000,0.1,0.035
Timor-Leste,TLS,Asia,2015,62000,0.02,0.005
Tonga,TON,Oceania,2015,53800,0.45,0.005
Trinidad and Tobago,TTO,North America,2015,440000,0.29,0.037
Tunisia,TUN,Africa,2015,5359000,7.98,0.455
Turkey,TUR,Asia,2015,39478000,9.98,3.354
Tuvalu,TUV,Oceania,2015,2400,0.02,0
Tanzania,TZA,Africa,2015,1104000,1.64,0.094
Uganda,UGA,Africa,2015,1303000,1.94,0.111
Ukraine,UKR,Europe,2015,12428000,2.4,1.056
Uruguay,URY,South America,2015,2773000,8.72,0.236
United States,USA,North America,2015,77773520,50.7,6.608
Uzbekistan,UZB,Asia,2015,1918000,0.48,0.163
St. Vincent and the Grenadines,VCT,North America,2015,75000,0.05,0.006
Venezuela,VEN,South America,2015,789000,2.48,0.067
Vietnam,VNM,Asia,2015,7944000,2.01,0.675
Vanuatu,VUT,Oceania,2015,90000,0.75,0.008
Samoa,WSM,Oceania,2015,128000,1.07,0.011
Yemen,YEM,Asia,2015,366700,0.09,0.031
South Africa,ZAF,Africa,2015,8904000,13.26,0.757
Zambia,ZMB,Africa,2015,932000,1.39,0.079
Zimbabwe,ZWE,Africa,2015,2057000,3.06,0.175
Angola,AGO,Africa,2016,397000,0.61,0.033
Albania,ALB,Europe,2016,4070000,0.74,0.334
Andorra,AND,Europe,2016,2819000,0.51,0.232
Argentina,ARG,South America,2016,6668000,19.72,0.548
Armenia,ARM,Asia,2016,1260000,0.32,0.104
Antigua and Barbuda,ATG,North America,2016,265000,0.17,0.022
Australia,AUS,Oceania,2016,8269000,63.11,0.679
Austria,AUT,Europe,2016,28121000,5.13,2.311
Azerbaijan,AZE,Asia,2016,2044000,0.51,0.168
Burundi,BDI,Africa,2016,187000,0.29,0.015
Belgium,BEL,Europe,2016,7481000,1.37,0.615
Benin,BEN,Africa,2016,267000,0.41,0.022
Burkina Faso,BFA,Africa,2016,152000,0.23,0.012
Bangladesh,BGD,Asia,2016,830000,0.21,0.068
Bulgaria,BGR,Europe,2016,8252000,1.51,0.678
Bahrain,BHR,Asia,2016,10158000,2.55,0.835
"Bahamas, The",BHS,North America,2016,1500000,0.95,0.123
Bosnia and Herzegovina,BIH,Europe,2016,778000,0.14,0.064
Belarus,BLR,Europe,2016,10935400,2,0.899
Belize,BLZ,North America,2016,386000,0.24,0.032
Bolivia,BOL,South America,2016,961000,2.84,0.079
Brazil,BRA,South America,2016,6547000,19.36,0.538
Barbados,BRB,North America,2016,632000,0.4,0.052
Brunei Darussalam,BRN,Asia,2016,219000,0.05,0.018
Bhutan,BTN,Asia,2016,210000,0.05,0.017
Botswana,BWA,Africa,2016,1574000,2.41,0.129
Central African Republic,CAF,Africa,2016,82000,0.13,0.007
Canada,CAN,North America,2016,19971000,12.62,1.641
Switzerland,CHE,Europe,2016,9205000,1.68,0.756
Chile,CHL,South America,2016,5641000,16.68,0.464
China,CHN,Asia,2016,59270000,14.86,4.87
Cote d'Ivoire,CIV,Africa,2016,1583000,2.43,0.13
Cameroon,CMR,Africa,2016,994000,1.52,0.082
"Congo, Dem. Rep.",COD,Africa,2016,351000,0.54,0.029
"Congo, Rep.",COG,Africa,2016,211000,0.32,0.017
Colombia,COL,South America,2016,3254000,9.62,0.267
Comoros,COM,Africa,2016,26800,0.04,0.002
Cabo Verde,CPV,Africa,2016,598000,0.92,0.049
Costa Rica,CRI,North America,2016,2925000,1.85,0.24
Cuba,CUB,North America,2016,3975000,2.51,0.327
Cyprus,CYP,Europe,2016,3187000,0.58,0.262
Czech Republic,CZE,Europe,2016,9321000,1.7,0.766
Germany,DEU,Europe,2016,35555000,6.49,2.921
Djibouti,DJI,Africa,2016,,0,0
Dominica,DMA,North America,2016,78000,0.05,0.006
Denmark,DNK,Europe,2016,10781000,1.97,0.886
Dominican Republic,DOM,North America,2016,5959300,3.77,0.49
Algeria,DZA,Africa,2016,2039000,3.13,0.168
Ecuador,ECU,South America,2016,1569000,4.64,0.129
Egypt,EGY,Africa,2016,5258000,8.07,0.432
Eritrea,ERI,Africa,2016,142000,0.22,0.012
Spain,ESP,Europe,2016,75315000,13.75,6.188
Estonia,EST,Europe,2016,3131000,0.57,0.257
Ethiopia,ETH,Africa,2016,871000,1.34,0.072
Finland,FIN,Europe,2016,2789000,0.51,0.229
Fiji,FJI,Oceania,2016,792000,6.04,0.065
France,FRA,Europe,2016,82682000,15.09,6.794
"Micronesia, Fed. Sts.",FSM,Oceania,2016,29600,0.23,0.002
United Kingdom,GBR,Europe,2016,35814000,6.54,2.943
Georgia,GEO,Asia,2016,3297000,0.83,0.271
Ghana,GHA,Africa,2016,,0,0
Guinea,GIN,Africa,2016,63000,0.1,0.005
"Gambia, The",GMB,Africa,2016,450000,0.69,0.037
Guinea-Bissau,GNB,Africa,2016,45200,0.07,0.004
Greece,GRC,Europe,2016,24799000,4.53,2.038
Grenada,GRD,North America,2016,156000,0.1,0.013
Guatemala,GTM,North America,2016,1585000,1,0.13
Guyana,GUY,South America,2016,235000,0.69,0.019
"Hong Kong SAR, China",HKG,Asia,2016,26553000,6.66,2.182
Honduras,HND,North America,2016,838000,0.53,0.069
Croatia,HRV,Europe,2016,13809000,2.52,1.135
Haiti,HTI,North America,2016,445000,0.28,0.037
Hungary,HUN,Europe,2016,15255000,2.78,1.253
Indonesia,IDN,Asia,2016,11519000,2.89,0.946
India,IND,Asia,2016,14570000,3.65,1.197
Ireland,IRL,Europe,2016,10100000,1.84,0.83
Iran,IRN,Asia,2016,4942000,1.24,0.406
Iraq,IRQ,Asia,2016,,0,0
Iceland,ISL,Europe,2016,1792000,0.33,0.147
Israel,ISR,Asia,2016,2900000,0.73,0.238
Italy,ITA,Europe,2016,52372000,9.56,4.303
Jamaica,JAM,North America,2016,2182000,1.38,0.179
Jordan,JOR,Asia,2016,3567000,0.89,0.293
Japan,JPN,Asia,2016,24040000,6.03,1.975
Kazakhstan,KAZ,Asia,2016,6509000,1.63,0.535
Kenya,KEN,Africa,2016,1268000,1.95,0.104
Kyrgyzstan,KGZ,Asia,2016,321000,0.08,0.026
Cambodia,KHM,Asia,2016,5012000,1.26,0.412
Kiribati,KIR,Oceania,2016,5700,0.04,0
St. Kitts and Nevis,KNA,North America,2016,116000,0.07,0.01
South Korea,KOR,Asia,2016,17242000,4.32,1.417
Kuwait,KWT,Asia,2016,7055000,1.77,0.58
Laos,LAO,Asia,2016,3315000,0.83,0.272
Lebanon,LBN,Asia,2016,1688000,0.42,0.139
St. Lucia,LCA,North America,2016,348000,0.22,0.029
Liechtenstein,LIE,Europe,2016,69100,0.01,0.006
Sri Lanka,LKA,Asia,2016,2051000,0.51,0.169
Lesotho,LSO,Africa,2016,1196000,1.83,0.098
Lithuania,LTU,Europe,2016,2296000,0.42,0.189
Luxembourg,LUX,Europe,2016,1054000,0.19,0.087
Latvia,LVA,Europe,2016,1793000,0.33,0.147
"Macao SAR, China",MAC,Asia,2016,15703600,3.94,1.29
Morocco,MAR,Africa,2016,10332000,15.85,0.849
Monaco,MCO,Europe,2016,336000,0.06,0.028
Moldova,MDA,Europe,2016,121000,0.02,0.01
Madagascar,MDG,Africa,2016,293000,0.45,0.024
Maldives,MDV,Asia,2016,1286000,0.32,0.106
Mexico,MEX,North America,2016,35079000,22.17,2.882
Marshall Islands,MHL,Oceania,2016,5400,0.04,0
North Macedonia,MKD,Europe,2016,510000,0.09,0.042
Malta,MLT,Europe,2016,1966000,0.36,0.162
Myanmar,MMR,Asia,2016,2907000,0.73,0.239
Montenegro,MNE,Europe,2016,1662000,0.3,0.137
Mongolia,MNG,Asia,2016,404000,0.1,0.033
Mozambique,MOZ,Africa,2016,1639000,2.51,0.135
Mauritius,MUS,Africa,2016,1275000,1.96,0.105
Malawi,MWI,Africa,2016,849000,1.3,0.07
Malaysia,MYS,Asia,2016,26757000,6.71,2.199
Namibia,NAM,Africa,2016,1469000,2.25,0.121
Niger,NER,Africa,2016,152000,0.23,0.012
Nigeria,NGA,Africa,2016,5265000,8.08,0.433
Nicaragua,NIC,North America,2016,1504000,0.95,0.124
Netherlands,NLD,Europe,2016,15828000,2.89,1.301
Norway,NOR,Europe,2016,5960000,1.09,0.49
Nepal,NPL,Asia,2016,753000,0.19,0.062
New Zealand,NZL,Oceania,2016,3370000,25.72,0.277
Oman,OMN,Asia,2016,2335000,0.59,0.192
Pakistan,PAK,Asia,2016,,0,0
Panama,PAN,North America,2016,1921000,1.21,0.158
Peru,PER,South America,2016,3744000,11.07,0.308
Philippines,PHL,Asia,2016,5967000,1.5,0.49
Palau,PLW,Oceania,2016,138000,1.05,0.011
Papua New Guinea,PNG,Oceania,2016,179000,1.37,0.015
Poland,POL,Europe,2016,17471000,3.19,1.436
Portugal,PRT,Europe,2016,13359000,2.44,1.098
Paraguay,PRY,South America,2016,1308000,3.87,0.107
Palestine,PSE,Asia,2016,400000,0.1,0.033
Qatar,QAT,Asia,2016,2938200,0.74,0.241
Romania,ROU,Europe,2016,10223000,1.87,0.84
Russia,RUS,Asia,2016,24571000,6.16,2.019
Rwanda,RWA,Africa,2016,932000,1.43,0.077
Saudi Arabia,SAU,Asia,2016,18044000,4.52,1.483
Sudan,SDN,Africa,2016,800000,1.23,0.066
Senegal,SEN,Africa,2016,1210000,1.86,0.099
Singapore,SGP,Asia,2016,12913000,3.24,1.061
Solomon Islands,SLB,Oceania,2016,23200,0.18,0.002
Sierra Leone,SLE,Africa,2016,55000,0.08,0.005
El Salvador,SLV,North America,2016,1434000,0.91,0.118
San Marino,SMR,Europe,2016,60000,0.01,0.005
Serbia,SRB,Europe,2016,1281000,0.23,0.105
Sao Tome and Principe,STP,Africa,2016,28900,0.04,0.002
Suriname,SUR,South America,2016,256000,0.76,0.021
Slovakia,SVK,Europe,2016,2027000,0.37,0.167
Slovenia,SVN,Europe,2016,3397000,0.62,0.279
Sweden,SWE,Europe,2016,6782000,1.24,0.557
Eswatini,SWZ,Africa,2016,947000,1.45,0.078
Seychelles,SYC,Africa,2016,303000,0.46,0.025
Syria,SYR,Asia,2016,,0,0
Chad,TCD,Africa,2016,98000,0.15,0.008
Togo,TGO,Africa,2016,338000,0.52,0.028
Thailand,THA,Asia,2016,32530000,8.16,2.673
Tajikistan,TJK,Asia,2016,344000,0.09,0.028
Timor-Leste,TLS,Asia,2016,66000,0.02,0.005
Tonga,TON,Oceania,2016,59100,0.45,0.005
Trinidad and Tobago,TTO,North America,2016,409000,0.26,0.034
Tunisia,TUN,Africa,2016,5724000,8.78,0.47
Turkey,TUR,Asia,2016,30289000,7.59,2.489
Tuvalu,TUV,Oceania,2016,2500,0.02,0
Tanzania,TZA,Africa,2016,1233000,1.89,0.101
Uganda,UGA,Africa,2016,1323000,2.03,0.109
Ukraine,UKR,Europe,2016,13333000,2.43,1.096
Uruguay,URY,South America,2016,3037000,8.98,0.25
United States,USA,North America,2016,76407480,48.3,6.278
Uzbekistan,UZB,Asia,2016,2027000,0.51,0.167
St. Vincent and the Grenadines,VCT,North America,2016,79000,0.05,0.006
Venezuela,VEN,South America,2016,601000,1.78,0.049
Vietnam,VNM,Asia,2016,10013000,2.51,0.823
Vanuatu,VUT,Oceania,2016,95100,0.73,0.008
Samoa,WSM,Oceania,2016,134000,1.02,0.011
Yemen,YEM,Asia,2016,,0,0
South Africa,ZAF,Africa,2016,10044000,15.41,0.825
Zambia,ZMB,Africa,2016,956000,1.47,0.079
Zimbabwe,ZWE,Africa,2016,2168000,3.33,0.178
Angola,AGO,Africa,2017,261000,0.4,0.02
Albania,ALB,Europe,2017,4643000,0.79,0.357
Andorra,AND,Europe,2017,3003000,0.51,0.231
Argentina,ARG,South America,2017,6711000,18.37,0.517
Armenia,ARM,Asia,2017,1495000,0.35,0.115
Antigua and Barbuda,ATG,North America,2017,247000,0.15,0.019
Australia,AUS,Oceania,2017,8815000,63.73,0.679
Austria,AUT,Europe,2017,29460000,4.99,2.268
Azerbaijan,AZE,Asia,2017,2454000,0.58,0.189
Burundi,BDI,Africa,2017,299000,0.46,0.023
Belgium,BEL,Europe,2017,8385000,1.42,0.645
Benin,BEN,Africa,2017,281000,0.43,0.022
Burkina Faso,BFA,Africa,2017,143000,0.22,0.011
Bangladesh,BGD,Asia,2017,1026000,0.24,0.079
Bulgaria,BGR,Europe,2017,8883000,1.5,0.684
Bahrain,BHR,Asia,2017,11374000,2.67,0.876
"Bahamas, The",BHS,North America,2017,1442000,0.87,0.111
Bosnia and Herzegovina,BIH,Europe,2017,923000,0.16,0.071
Belarus,BLR,Europe,2017,11060200,1.87,0.851
Belize,BLZ,North America,2017,427000,0.26,0.033
Bolivia,BOL,South America,2017,1109000,3.04,0.085
Brazil,BRA,South America,2017,6589000,18.03,0.507
Barbados,BRB,North America,2017,664000,0.4,0.051
Brunei Darussalam,BRN,Asia,2017,259000,0.06,0.02
Bhutan,BTN,Asia,2017,255000,0.06,0.02
Botswana,BWA,Africa,2017,1623000,2.47,0.125
Central African Republic,CAF,Africa,2017,107000,0.16,0.008
Canada,CAN,North America,2017,20883000,12.61,1.608
Switzerland,CHE,Europe,2017,9889000,1.67,0.761
Chile,CHL,South America,2017,6450000,17.65,0.497
China,CHN,Asia,2017,60740000,14.23,4.676
Cote d'Ivoire,CIV,Africa,2017,1800000,2.74,0.139
Cameroon,CMR,Africa,2017,1081000,1.65,0.083
"Congo, Dem. Rep.",COD,Africa,2017,,0,0
"Congo, Rep.",COG,Africa,2017,149000,0.23,0.011
Colombia,COL,South America,2017,3631000,9.94,0.28
Comoros,COM,Africa,2017,28000,0.04,0.002
Cabo Verde,CPV,Africa,2017,668000,1.02,0.051
Costa Rica,CRI,North America,2017,2960000,1.79,0.228
Cuba,CUB,North America,2017,4594000,2.77,0.354
Cyprus,CYP,Europe,2017,3652000,0.62,0.281
Czech Republic,CZE,Europe,2017,10160000,1.72,0.782
Germany,DEU,Europe,2017,37452000,6.34,2.883
Djibouti,DJI,Africa,2017,,0,0
Dominica,DMA,North America,2017,72000,0.04,0.006
Denmark,DNK,Europe,2017,12426000,2.1,0.957
Dominican Republic,DOM,North America,2017,6188000,3.74,0.476
Algeria,DZA,Africa,2017,2451000,3.73,0.189
Ecuador,ECU,South America,2017,1806000,4.94,0.139
Egypt,EGY,Africa,2017,8157000,12.43,0.628
Eritrea,ERI,Africa,2017,,0,0
Spain,ESP,Europe,2017,81869000,13.86,6.302
Estonia,EST,Europe,2017,3244000,0.55,0.25
Ethiopia,ETH,Africa,2017,933000,1.42,0.072
Finland,FIN,Europe,2017,3180000,0.54,0.245
Fiji,FJI,Oceania,2017,843000,6.09,0.065
France,FRA,Europe,2017,86758000,14.69,6.679
"Micronesia, Fed. Sts.",FSM,Oceania,2017,,0,0
United Kingdom,GBR,Europe,2017,37651000,6.37,2.898
Georgia,GEO,Asia,2017,4069400,0.95,0.313
Ghana,GHA,Africa,2017,,0,0
Guinea,GIN,Africa,2017,99000,0.15,0.008
"Gambia, The",GMB,Africa,2017,522000,0.8,0.04
Guinea-Bissau,GNB,Africa,2017,,0,0
Greece,GRC,Europe,2017,27194000,4.6,2.093
Grenada,GRD,North America,2017,168000,0.1,0.013
Guatemala,GTM,North America,2017,1660000,1,0.128
Guyana,GUY,South America,2017,247000,0.68,0.019
"Hong Kong SAR, China",HKG,Asia,2017,27884000,6.53,2.147
Honduras,HND,North America,2017,851000,0.51,0.066
Croatia,HRV,Europe,2017,15593000,2.64,1.2
Haiti,HTI,North America,2017,467000,0.28,0.036
Hungary,HUN,Europe,2017,15785000,2.67,1.215
Indonesia,IDN,Asia,2017,14040000,3.29,1.081
India,IND,Asia,2017,15543000,3.64,1.196
Ireland,IRL,Europe,2017,10338000,1.75,0.796
Iran,IRN,Asia,2017,4867000,1.14,0.375
Iraq,IRQ,Asia,2017,,0,0
Iceland,ISL,Europe,2017,2225000,0.38,0.171
Israel,ISR,Asia,2017,3613000,0.85,0.278
Italy,ITA,Europe,2017,58253000,9.86,4.484
Jamaica,JAM,North America,2017,2353000,1.42,0.181
Jordan,JOR,Asia,2017,3843500,0.9,0.296
Japan,JPN,Asia,2017,28691000,6.72,2.209
Kazakhstan,KAZ,Asia,2017,7701000,1.8,0.593
Kenya,KEN,Africa,2017,1364000,2.08,0.105
Kyrgyzstan,KGZ,Asia,2017,421000,0.1,0.032
Cambodia,KHM,Asia,2017,5602000,1.31,0.431
Kiribati,KIR,Oceania,2017,5800,0.04,0
St. Kitts and Nevis,KNA,North America,2017,115000,0.07,0.009
South Korea,KOR,Asia,2017,13336000,3.13,1.027
Kuwait,KWT,Asia,2017,7407000,1.74,0.57
Laos,LAO,Asia,2017,3257000,0.76,0.251
Lebanon,LBN,Asia,2017,1857000,0.44,0.143
St. Lucia,LCA,North America,2017,386000,0.23,0.03
Liechtenstein,LIE,Europe,2017,79300,0.01,0.006
Sri Lanka,LKA,Asia,2017,2116400,0.5,0.163
Lesotho,LSO,Africa,2017,1137000,1.73,0.088
Lithuania,LTU,Europe,2017,2523000,0.43,0.194
Luxembourg,LUX,Europe,2017,1046000,0.18,0.081
Latvia,LVA,Europe,2017,1949000,0.33,0.15
"Macao SAR, China",MAC,Asia,2017,17255000,4.04,1.328
Morocco,MAR,Africa,2017,11349000,17.29,0.874
Monaco,MCO,Europe,2017,355000,0.06,0.027
Moldova,MDA,Europe,2017,145000,0.02,0.011
Madagascar,MDG,Africa,2017,255000,0.39,0.02
Maldives,MDV,Asia,2017,1390000,0.33,0.107
Mexico,MEX,North America,2017,39291000,23.72,3.025
Marshall Islands,MHL,Oceania,2017,6000,0.04,0
North Macedonia,MKD,Europe,2017,631000,0.11,0.049
Malta,MLT,Europe,2017,2274000,0.38,0.175
Myanmar,MMR,Asia,2017,3443000,0.81,0.265
Montenegro,MNE,Europe,2017,1877000,0.32,0.144
Mongolia,MNG,Asia,2017,469000,0.11,0.036
Mozambique,MOZ,Africa,2017,1447000,2.2,0.111
Mauritius,MUS,Africa,2017,1342000,2.04,0.103
Malawi,MWI,Africa,2017,837000,1.28,0.064
Malaysia,MYS,Asia,2017,25948000,6.08,1.997
Namibia,NAM,Africa,2017,1499000,2.28,0.115
Niger,NER,Africa,2017,164000,0.25,0.013
Nigeria,NGA,Africa,2017,,0,0
Nicaragua,NIC,North America,2017,1787000,1.08,0.138
Netherlands,NLD,Europe,2017,17924000,3.03,1.38
Norway,NOR,Europe,2017,6252000,1.06,0.481
Nepal,NPL,Asia,2017,940000,0.22,0.072
New Zealand,NZL,Oceania,2017,3555000,25.7,0.274
Oman,OMN,Asia,2017,2316000,0.54,0.178
Pakistan,PAK,Asia,2017,,0,0
Panama,PAN,North America,2017,1843000,1.11,0.142
Peru,PER,South America,2017,4032000,11.04,0.31
Philippines,PHL,Asia,2017,6621000,1.55,0.51
Palau,PLW,Oceania,2017,123000,0.89,0.009
Papua New Guinea,PNG,Oceania,2017,139000,1,0.011
Poland,POL,Europe,2017,18258000,3.09,1.405
Portugal,PRT,Europe,2017,15432000,2.61,1.188
Paraguay,PRY,South America,2017,1584000,4.34,0.122
Palestine,PSE,Asia,2017,503000,0.12,0.039
Qatar,QAT,Asia,2017,2256500,0.53,0.174
Romania,ROU,Europe,2017,10926000,1.85,0.841
Russia,RUS,Asia,2017,24390000,5.72,1.878
Rwanda,RWA,Africa,2017,,0,0
Saudi Arabia,SAU,Asia,2017,16109000,3.78,1.24
Sudan,SDN,Africa,2017,813000,1.24,0.063
Senegal,SEN,Africa,2017,1365000,2.08,0.105
Singapore,SGP,Asia,2017,13903000,3.26,1.07
Solomon Islands,SLB,Oceania,2017,25700,0.19,0.002
Sierra Leone,SLE,Africa,2017,51000,0.08,0.004
El Salvador,SLV,North America,2017,1556000,0.94,0.12
San Marino,SMR,Europe,2017,78000,0.01,0.006
Serbia,SRB,Europe,2017,1497000,0.25,0.115
Sao Tome and Principe,STP,Africa,2017,28900,0.04,0.002
Suriname,SUR,South America,2017,278000,0.76,0.021
Slovakia,SVK,Europe,2017,2162000,0.37,0.166
Slovenia,SVN,Europe,2017,3991000,0.68,0.307
Sweden,SWE,Europe,2017,7054000,1.19,0.543
Eswatini,SWZ,Africa,2017,921000,1.4,0.071
Seychelles,SYC,Africa,2017,350000,0.53,0.027
Syria,SYR,Asia,2017,,0,0
Chad,TCD,Africa,2017,87000,0.13,0.007
Togo,TGO,Africa,2017,514000,0.78,0.04
Thailand,THA,Asia,2017,35592000,8.34,2.74
Tajikistan,TJK,Asia,2017,431000,0.1,0.033
Timor-Leste,TLS,Asia,2017,74000,0.02,0.006
Tonga,TON,Oceania,2017,62500,0.45,0.005
Trinidad and Tobago,TTO,North America,2017,395000,0.24,0.03
Tunisia,TUN,Africa,2017,7052000,10.74,0.543
Turkey,TUR,Asia,2017,37601000,8.81,2.895
Tuvalu,TUV,Oceania,2017,2500,0.02,0
Tanzania,TZA,Africa,2017,1275000,1.94,0.098
Uganda,UGA,Africa,2017,1402000,2.14,0.108
Ukraine,UKR,Europe,2017,14230000,2.41,1.095
Uruguay,URY,South America,2017,3674000,10.06,0.283
United States,USA,North America,2017,77186740,46.61,5.942
Uzbekistan,UZB,Asia,2017,2690000,0.63,0.207
St. Vincent and the Grenadines,VCT,North America,2017,76000,0.05,0.006
Venezuela,VEN,South America,2017,427000,1.17,0.033
Vietnam,VNM,Asia,2017,12922000,3.03,0.995
Vanuatu,VUT,Oceania,2017,109000,0.79,0.008
Samoa,WSM,Oceania,2017,146000,1.06,0.011
Yemen,YEM,Asia,2017,,0,0
South Africa,ZAF,Africa,2017,10285000,15.67,0.792
Zambia,ZMB,Africa,2017,1083000,1.65,0.083
Zimbabwe,ZWE,Africa,2017,2423000,3.69,0.187
Angola,AGO,Africa,2018,218000,0.34,0.016
Albania,ALB,Europe,2018,5340000,0.87,0.391
Andorra,AND,Europe,2018,3042000,0.5,0.223
Argentina,ARG,South America,2018,6942000,19.16,0.509
Armenia,ARM,Asia,2018,1652000,0.36,0.121
Antigua and Barbuda,ATG,North America,2018,269000,0.16,0.02
Australia,AUS,Oceania,2018,9246000,64.01,0.678
Austria,AUT,Europe,2018,30816000,5.01,2.259
Azerbaijan,AZE,Asia,2018,2633000,0.57,0.193
Burundi,BDI,Africa,2018,,0,0
Belgium,BEL,Europe,2018,9119000,1.48,0.669
Benin,BEN,Africa,2018,295000,0.46,0.022
Burkina Faso,BFA,Africa,2018,144000,0.22,0.011
Bangladesh,BGD,Asia,2018,,0,0
Bulgaria,BGR,Europe,2018,9273000,1.51,0.68
Bahrain,BHR,Asia,2018,12045000,2.59,0.883
"Bahamas, The",BHS,North America,2018,1633000,0.96,0.12
Bosnia and Herzegovina,BIH,Europe,2018,1053000,0.17,0.077
Belarus,BLR,Europe,2018,11501600,1.87,0.843
Belize,BLZ,North America,2018,489000,0.29,0.036
Bolivia,BOL,South America,2018,1142000,3.15,0.084
Brazil,BRA,South America,2018,6621000,18.28,0.485
Barbados,BRB,North America,2018,680000,0.4,0.05
Brunei Darussalam,BRN,Asia,2018,278000,0.06,0.02
Bhutan,BTN,Asia,2018,274000,0.06,0.02
Botswana,BWA,Africa,2018,,0,0
Central African Republic,CAF,Africa,2018,,0,0
Canada,CAN,North America,2018,21134000,12.42,1.549
Switzerland,CHE,Europe,2018,10362000,1.69,0.76
Chile,CHL,South America,2018,5723000,15.8,0.42
China,CHN,Asia,2018,62900000,13.54,4.611
Cote d'Ivoire,CIV,Africa,2018,1965000,3.06,0.144
Cameroon,CMR,Africa,2018,,0,0
"Congo, Dem. Rep.",COD,Africa,2018,,0,0
"Congo, Rep.",COG,Africa,2018,156000,0.24,0.011
Colombia,COL,South America,2018,3904000,10.78,0.286
Comoros,COM,Africa,2018,35900,0.06,0.003
Cabo Verde,CPV,Africa,2018,710000,1.11,0.052
Costa Rica,CRI,North America,2018,3017000,1.77,0.221
Cuba,CUB,North America,2018,4684000,2.75,0.343
Cyprus,CYP,Europe,2018,3939000,0.64,0.289
Czech Republic,CZE,Europe,2018,10611000,1.73,0.778
Germany,DEU,Europe,2018,38881000,6.33,2.85
Djibouti,DJI,Africa,2018,,0,0
Dominica,DMA,North America,2018,63000,0.04,0.005
Denmark,DNK,Europe,2018,12749000,2.07,0.935
Dominican Republic,DOM,North America,2018,6569000,3.86,0.482
Algeria,DZA,Africa,2018,2657000,4.14,0.195
Ecuador,ECU,South America,2018,2535000,7,0.186
Egypt,EGY,Africa,2018,11196000,17.45,0.821
Eritrea,ERI,Africa,2018,,0,0
Spain,ESP,Europe,2018,82773000,13.47,6.068
Estonia,EST,Europe,2018,3234000,0.53,0.237
Ethiopia,ETH,Africa,2018,849000,1.32,0.062
Finland,FIN,Europe,2018,3224000,0.52,0.236
Fiji,FJI,Oceania,2018,870000,6.02,0.064
France,FRA,Europe,2018,89322000,14.54,6.548
"Micronesia, Fed. Sts.",FSM,Oceania,2018,19200,0.13,0.001
United Kingdom,GBR,Europe,2018,36316000,5.91,2.662
Georgia,GEO,Asia,2018,4757000,1.02,0.349
Ghana,GHA,Africa,2018,,0,0
Guinea,GIN,Africa,2018,,0,0
"Gambia, The",GMB,Africa,2018,552000,0.86,0.04
Guinea-Bissau,GNB,Africa,2018,,0,0
Greece,GRC,Europe,2018,30123000,4.9,2.208
Grenada,GRD,North America,2018,185000,0.11,0.014
Guatemala,GTM,North America,2018,1781000,1.05,0.131
Guyana,GUY,South America,2018,287000,0.79,0.021
"Hong Kong SAR, China",HKG,Asia,2018,29263000,6.3,2.145
Honduras,HND,North America,2018,,0,0
Croatia,HRV,Europe,2018,16645000,2.71,1.22
Haiti,HTI,North America,2018,447000,0.26,0.033
Hungary,HUN,Europe,2018,17552000,2.86,1.287
Indonesia,IDN,Asia,2018,15810000,3.4,1.159
India,IND,Asia,2018,17423000,3.75,1.277
Ireland,IRL,Europe,2018,10926000,1.78,0.801
Iran,IRN,Asia,2018,7295000,1.57,0.535
Iraq,IRQ,Asia,2018,,0,0
Iceland,ISL,Europe,2018,2343800,0.38,0.172
Israel,ISR,Asia,2018,4121000,0.89,0.302
Italy,ITA,Europe,2018,61567200,10.02,4.514
Jamaica,JAM,North America,2018,2473000,1.45,0.181
Jordan,JOR,Asia,2018,4150000,0.89,0.304
Japan,JPN,Asia,2018,31192000,6.71,2.287
Kazakhstan,KAZ,Asia,2018,8789000,1.89,0.644
Kenya,KEN,Africa,2018,,0,0
Kyrgyzstan,KGZ,Asia,2018,423000,0.09,0.031
Cambodia,KHM,Asia,2018,6201000,1.33,0.455
Kiribati,KIR,Oceania,2018,7100,0.05,0.001
St. Kitts and Nevis,KNA,North America,2018,125000,0.07,0.009
South Korea,KOR,Asia,2018,15347000,3.3,1.125
Kuwait,KWT,Asia,2018,8508000,1.83,0.624
Laos,LAO,Asia,2018,3770000,0.81,0.276
Lebanon,LBN,Asia,2018,1964000,0.42,0.144
St. Lucia,LCA,North America,2018,395000,0.23,0.029
Liechtenstein,LIE,Europe,2018,85300,0.01,0.006
Sri Lanka,LKA,Asia,2018,2334000,0.5,0.171
Lesotho,LSO,Africa,2018,1173000,1.83,0.086
Lithuania,LTU,Europe,2018,2825000,0.46,0.207
Luxembourg,LUX,Europe,2018,1018000,0.17,0.075
Latvia,LVA,Europe,2018,1946000,0.32,0.143
"Macao SAR, China",MAC,Asia,2018,18493000,3.98,1.356
Morocco,MAR,Africa,2018,12289000,19.16,0.901
Monaco,MCO,Europe,2018,347000,0.06,0.025
Moldova,MDA,Europe,2018,160000,0.03,0.012
Madagascar,MDG,Africa,2018,291000,0.45,0.021
Maldives,MDV,Asia,2018,1484000,0.32,0.109
Mexico,MEX,North America,2018,41313000,24.28,3.029
Marshall Islands,MHL,Oceania,2018,6800,0.05,0
North Macedonia,MKD,Europe,2018,707000,0.12,0.052
Malta,MLT,Europe,2018,2599000,0.42,0.191
Myanmar,MMR,Asia,2018,3551000,0.76,0.26
Montenegro,MNE,Europe,2018,2077000,0.34,0.152
Mongolia,MNG,Asia,2018,529000,0.11,0.039
Mozambique,MOZ,Africa,2018,2743000,4.28,0.201
Mauritius,MUS,Africa,2018,1399000,2.18,0.103
Malawi,MWI,Africa,2018,871000,1.36,0.064
Malaysia,MYS,Asia,2018,25832000,5.56,1.894
Namibia,NAM,Africa,2018,,0,0
Niger,NER,Africa,2018,157000,0.24,0.012
Nigeria,NGA,Africa,2018,,0,0
Nicaragua,NIC,North America,2018,1256000,0.74,0.092
Netherlands,NLD,Europe,2018,18780000,3.06,1.377
Norway,NOR,Europe,2018,5688000,0.93,0.417
Nepal,NPL,Asia,2018,1173000,0.25,0.086
New Zealand,NZL,Oceania,2018,3686000,25.52,0.27
Oman,OMN,Asia,2018,2301000,0.5,0.169
Pakistan,PAK,Asia,2018,,0,0
Panama,PAN,North America,2018,1785000,1.05,0.131
Peru,PER,South America,2018,4419000,12.2,0.324
Philippines,PHL,Asia,2018,7168000,1.54,0.526
Palau,PLW,Oceania,2018,106000,0.73,0.008
Papua New Guinea,PNG,Oceania,2018,140000,0.97,0.01
Poland,POL,Europe,2018,19622000,3.19,1.439
Portugal,PRT,Europe,2018,16186000,2.63,1.187
Paraguay,PRY,South America,2018,1181000,3.26,0.087
Palestine,PSE,Asia,2018,606000,0.13,0.044
Qatar,QAT,Asia,2018,1819300,0.39,0.133
Romania,ROU,Europe,2018,11720000,1.91,0.859
Russia,RUS,Asia,2018,24551000,5.28,1.8
Rwanda,RWA,Africa,2018,,0,0
Saudi Arabia,SAU,Asia,2018,15334000,3.3,1.124
Sudan,SDN,Africa,2018,836000,1.3,0.061
Senegal,SEN,Africa,2018,,0,0
Singapore,SGP,Asia,2018,14673000,3.16,1.076
Solomon Islands,SLB,Oceania,2018,27900,0.19,0.002
Sierra Leone,SLE,Africa,2018,57000,0.09,0.004
El Salvador,SLV,North America,2018,1677300,0.99,0.123
San Marino,SMR,Europe,2018,84000,0.01,0.006
Serbia,SRB,Europe,2018,1711000,0.28,0.125
Sao Tome and Principe,STP,Africa,2018,33400,0.05,0.002
Suriname,SUR,South America,2018,,0,0
Slovakia,SVK,Europe,2018,2256000,0.37,0.165
Slovenia,SVN,Europe,2018,4425000,0.72,0.324
Sweden,SWE,Europe,2018,7440000,1.21,0.545
Eswatini,SWZ,Africa,2018,782000,1.22,0.057
Seychelles,SYC,Africa,2018,362000,0.56,0.027
Syria,SYR,Asia,2018,,0,0
Chad,TCD,Africa,2018,,0,0
Togo,TGO,Africa,2018,573000,0.89,0.042
Thailand,THA,Asia,2018,38178000,8.22,2.799
Tajikistan,TJK,Asia,2018,1035000,0.22,0.076
Timor-Leste,TLS,Asia,2018,75000,0.02,0.005
Tonga,TON,Oceania,2018,54000,0.37,0.004
Trinidad and Tobago,TTO,North America,2018,375000,0.22,0.027
Tunisia,TUN,Africa,2018,8299000,12.94,0.608
Turkey,TUR,Asia,2018,45768000,9.85,3.355
Tuvalu,TUV,Oceania,2018,2700,0.02,0
Tanzania,TZA,Africa,2018,1378000,2.15,0.101
Uganda,UGA,Africa,2018,,0,0
Ukraine,UKR,Europe,2018,14104000,2.3,1.034
Uruguay,URY,South America,2018,3469000,9.58,0.254
United States,USA,North America,2018,79745920,46.86,5.846
Uzbekistan,UZB,Asia,2018,5346000,1.15,0.392
St. Vincent and the Grenadines,VCT,North America,2018,80000,0.05,0.006
Venezuela,VEN,South America,2018,,0,0
Vietnam,VNM,Asia,2018,15498000,3.34,1.136
Vanuatu,VUT,Oceania,2018,116000,0.8,0.009
Samoa,WSM,Oceania,2018,164000,1.14,0.012
Yemen,YEM,Asia,2018,,0,0
South Africa,ZAF,Africa,2018,10472000,16.33,0.768
Zambia,ZMB,Africa,2018,1072000,1.67,0.079
Zimbabwe,ZWE,Africa,2018,2580000,4.02,0.189
